Sample	Family ID	Gender	Relationship
HG00096	HG00096	male	null
HG00097	HG00097	female	null
HG00098	HG00098	male	null
HG00099	HG00099	female	null
HG00100	HG00100	female	null
HG00101	HG00101	male	null
HG00102	HG00102	female	null
HG00103	HG00103	male	null
HG00104	HG00104	female	null
HG00105	HG00105	male	null
HG00106	HG00106	female	null
HG00107	HG00107	male	null
HG00108	HG00108	male	null
HG00109	HG00109	male	null
HG00110	HG00110	female	null
HG00111	HG00111	female	null
HG00112	HG00112	male	null
HG00113	HG00113	male	null
HG00114	HG00114	male	null
HG00115	HG00115	male	null
HG00116	HG00116	male	null
HG00117	HG00117	male	null
HG00118	HG00118	female	null
HG00119	HG00119	male	null
HG00120	HG00120	female	null
HG00121	HG00121	female	null
HG00122	HG00122	female	null
HG00123	HG00123	female	null
HG00124	HG00124	female	null
HG00125	HG00125	female	null
HG00126	HG00126	male	null
HG00127	HG00127	female	null
HG00128	HG00128	female	null
HG00129	HG00129	male	null
HG00130	HG00130	female	null
HG00131	HG00131	male	null
HG00132	HG00132	female	null
HG00133	HG00133	female	null
HG00134	HG00134	female	null
HG00135	HG00135	female	null
HG00136	HG00136	male	null
HG00137	HG00137	female	null
HG00138	HG00138	male	null
HG00139	HG00139	male	null
HG00140	HG00140	male	null
HG00141	HG00141	male	null
HG00142	HG00142	male	null
HG00143	HG00143	male	null
HG00144	GBR001	female	mother
HG00145	HG00145	male	null
HG00146	GBR002	female	child
HG00147	GBR002a	female	child
HG00148	HG00148	male	null
HG00149	HG00149	male	null
HG00150	HG00150	female	null
HG00151	HG00151	male	null
HG00152	HG00152	male	null
HG00153	GBR003	female	child
HG00154	HG00154	female	null
HG00155	GBR001	male	Child
HG00156	HG00156	male	null
HG00157	HG00157	male	null
HG00158	GBR003	female	mother
HG00159	HG00159	male	null
HG00160	HG00160	male	null
HG00171	HG00171	female	null
HG00173	HG00173	female	null
HG00174	HG00174	female	null
HG00176	HG00176	female	null
HG00177	HG00177	female	null
HG00178	HG00178	female	null
HG00179	HG00179	female	null
HG00180	HG00180	female	null
HG00181	HG00181	male	null
HG00182	HG00182	male	null
HG00183	HG00183	male	null
HG00185	HG00185	male	null
HG00186	HG00186	male	null
HG00187	HG00187	male	null
HG00188	HG00188	male	null
HG00189	HG00189	male	null
HG00190	HG00190	male	null
HG00231	HG00231	female	null
HG00232	HG00232	female	null
HG00233	HG00233	female	null
HG00234	HG00234	male	null
HG00235	HG00235	female	null
HG00236	HG00236	female	null
HG00237	HG00237	female	null
HG00238	HG00238	female	null
HG00239	HG00239	female	null
HG00240	HG00240	female	null
HG00242	HG00242	male	null
HG00243	HG00243	male	null
HG00244	HG00244	male	null
HG00245	HG00245	female	null
HG00246	HG00246	male	null
HG00247	GBR004	female	mother
HG00248	GBR004	female	child
HG00249	HG00249	female	null
HG00250	HG00250	female	null
HG00251	HG00251	male	null
HG00252	HG00252	male	null
HG00253	HG00253	female	null
HG00254	HG00254	female	null
HG00255	HG00255	female	null
HG00256	HG00256	male	null
HG00257	HG00257	female	null
HG00258	HG00258	female	null
HG00259	HG00259	female	null
HG00260	HG00260	male	null
HG00261	HG00261	female	null
HG00262	HG00262	female	null
HG00263	HG00263	female	null
HG00264	HG00264	male	null
HG00265	HG00265	male	null
HG00266	HG00266	female	null
HG00267	HG00267	male	null
HG00268	HG00268	female	null
HG00269	HG00269	female	null
HG00270	HG00270	female	null
HG00271	HG00271	male	null
HG00272	HG00272	female	null
HG00273	HG00273	male	null
HG00274	HG00274	female	null
HG00275	HG00275	female	null
HG00276	HG00276	female	null
HG00277	HG00277	male	null
HG00278	HG00278	male	null
HG00280	HG00280	male	null
HG00281	HG00281	female	null
HG00282	HG00282	female	null
HG00284	HG00284	male	null
HG00285	HG00285	female	null
HG00288	HG00288	female	unrel
HG00290	HG00290	male	unrel
HG00302	HG00302	female	unrel
HG00303	HG00303	male	unrel
HG00304	HG00304	female	unrel
HG00306	HG00306	female	null
HG00308	HG00308	male	null
HG00309	HG00309	female	null
HG00310	HG00310	male	null
HG00311	HG00311	male	null
HG00312	HG00312	male	null
HG00313	HG00313	female	null
HG00315	HG00315	female	null
HG00318	HG00318	female	null
HG00319	HG00319	female	null
HG00320	HG00320	female	null
HG00321	HG00321	male	null
HG00323	HG00323	female	null
HG00324	HG00324	female	null
HG00325	HG00325	male	null
HG00326	HG00326	female	null
HG00327	HG00327	female	null
HG00328	HG00328	female	null
HG00329	HG00329	male	null
HG00330	HG00330	female	null
HG00331	HG00331	female	null
HG00332	HG00332	female	null
HG00334	HG00334	female	null
HG00335	HG00335	male	null
HG00336	HG00336	male	null
HG00337	HG00337	female	null
HG00338	HG00338	male	null
HG00339	HG00339	female	null
HG00341	HG00341	male	null
HG00342	HG00342	male	null
HG00343	HG00343	female	null
HG00344	HG00344	female	null
HG00345	HG00345	male	null
HG00346	HG00346	female	null
HG00349	HG00349	female	null
HG00350	HG00350	female	null
HG00351	HG00351	male	null
HG00353	HG00353	female	null
HG00355	HG00355	female	null
HG00356	HG00356	female	null
HG00357	HG00357	female	null
HG00358	HG00358	male	null
HG00359	HG00359	female	null
HG00360	HG00360	male	null
HG00361	HG00361	female	null
HG00362	HG00362	female	null
HG00364	HG00364	female	null
HG00365	HG00365	female	null
HG00366	HG00366	male	null
HG00367	HG00367	female	null
HG00368	HG00368	female	null
HG00369	HG00369	male	null
HG00371	HG00371	male	null
HG00372	HG00372	male	null
HG00373	HG00373	female	null
HG00375	HG00375	male	null
HG00376	HG00376	female	null
HG00377	HG00377	female	null
HG00378	HG00378	female	null
HG00379	HG00379	female	null
HG00380	HG00380	female	null
HG00381	HG00381	female	null
HG00382	HG00382	male	null
HG00383	HG00383	female	null
HG00384	HG00384	female	null
HG00403	SH001	male	father
HG00404	SH001	female	mother
HG00405	SH001	female	child
HG00406	SH002	male	father
HG00407	SH002	female	mother
HG00408	SH002	female	child
HG00409	SH003	male	father
HG00410	SH003	female	mother
HG00411	SH003	male	child
HG00418	SH006	male	father
HG00419	SH006	female	mother
HG00420	SH006	male	child
HG00421	SH007	male	father
HG00422	SH007	female	mother
HG00423	SH007	female	child
HG00427	SH009	male	father
HG00428	SH009	female	mother
HG00429	SH009	male	child
HG00436	SH012	male	father
HG00437	SH012	female	mother
HG00438	SH012	female	child
HG00442	SH014	male	father
HG00443	SH014	female	mother
HG00444	SH014	male	child
HG00445	SH015	male	father
HG00446	SH015	female	mother
HG00447	SH015	female	child
HG00448	SH016	male	father
HG00449	SH016	female	mother
HG00450	SH016	female	child
HG00451	SH017	male	father
HG00452	SH017	female	mother
HG00453	SH017	female	child
HG00457	SH019	male	father
HG00458	SH019	female	mother
HG00459	SH019	male	child
HG00463	SH021	male	father
HG00464	SH021	female	mother
HG00465	SH021	male	child
HG00472	SH024	male	father
HG00473	SH024	female	mother
HG00474	SH024	male	child
HG00475	SH025	male	father
HG00476	SH025	female	mother
HG00477	SH025	male	child
HG00478	SH026	male	father
HG00479	SH026	female	mother
HG00480	SH026	male	child
HG00500	SH028	male	father
HG00501	SH028	female	mother
HG00502	SH028	male	child
HG00512	SH032	male	father
HG00513	SH032	female	mother
HG00514	SH032	female	child
HG00524	SH036	male	father
HG00525	SH036	female	mother
HG00526	SH036	male	child
HG00530	SH038	male	father
HG00531	SH038	female	mother
HG00532	SH038	male	child
HG00533	SH039	male	father
HG00534	SH039	female	mother
HG00535	SH039	male	child
HG00536	SH040	male	father
HG00537	SH040	female	mother
HG00538	SH040	male	child
HG00542	SH042	male	father
HG00543	SH042	female	mother
HG00544	SH042	female	child
HG00551	PR01	female	mother
HG00552	PR01	male	child
HG00553	PR02	male	father
HG00554	PR02	female	mother
HG00555	PR02	female	child
HG00556	SH045	male	father
HG00557	SH045	female	mother
HG00558	SH045	female	child
HG00559	SH046	male	father
HG00560	SH046	female	mother
HG00561	SH046	female	child
HG00565	SH048	male	father
HG00566	SH048	female	mother
HG00567	SH048	male	child
HG00577	SH052	male	father
HG00578	SH052	female	mother
HG00579	SH052	female	child
HG00580	SH053	male	father
HG00581	SH053	female	mother
HG00582	SH053	female	child
HG00583	SH054	male	father
HG00584	SH054	female	mother
HG00585	SH054	female	child
HG00589	SH056	male	father
HG00590	SH056	female	mother
HG00591	SH056	male	child
HG00592	SH057	male	father
HG00593	SH057	female	mother
HG00594	SH057	male	child
HG00595	SH058	male	father
HG00596	SH058	female	mother
HG00597	SH058	female	child
HG00598	SH059	male	father
HG00599	SH059	female	mother
HG00600	SH059	female	child
HG00607	SH062	male	father
HG00608	SH062	female	mother
HG00609	SH062	male	child
HG00610	SH063	male	father
HG00611	SH063	female	mother
HG00612	SH063	female	child
HG00613	SH064	male	father
HG00614	SH064	female	mother
HG00615	SH064	female	child
HG00619	SH066	male	father
HG00620	SH066	female	mother
HG00621	SH066	male	child
HG00622	SH067	male	father
HG00623	SH067	female	mother
HG00624	SH067	male	child
HG00625	SH068	male	father
HG00626	SH068	female	mother
HG00627	SH068	male	child
HG00628	SH069	male	father
HG00629	SH069	female	mother
HG00630	SH069	male	child
HG00631	SH070	male	father
HG00632	SH070	female	mother
HG00633	SH070	male	child
HG00634	SH071	male	father
HG00635	SH071	female	mother
HG00636	SH071	male	child
HG00637	PR03	male	father
HG00638	PR03	female	mother
HG00639	PR03	female	child
HG00640	PR04	male	father
HG00641	PR04	female	mother
HG00642	PR04	male	child
HG00650	SH072	male	father
HG00651	SH072	female	mother
HG00652	SH072	female	child
HG00653	SH073	male	father
HG00654	SH073	female	mother
HG00655	SH073	female	child
HG00656	SH074	male	father
HG00657	SH074	female	mother
HG00658	SH074	male	child
HG00662	SH076	male	father
HG00663	SH076	female	mother
HG00664	SH076	male	child
HG00671	SH079	male	father
HG00672	SH079	female	mother
HG00673	SH079	male	child
HG00674	SH080	male	father
HG00675	SH080	female	mother
HG00676	SH080	male	child
HG00683	SH083	male	father
HG00684	SH083	female	mother
HG00685	SH083	male	child
HG00689	SH085	male	father
HG00690	SH085	female	mother
HG00691	SH085	male	child
HG00692	SH086	male	father
HG00693	SH086	female	mother
HG00694	SH086	male	child
HG00698	SH088	male	father
HG00699	SH088	female	mother
HG00700	SH088	female	child
HG00701	SH089	male	father
HG00702	SH089	female	mother
HG00703	SH089	male	child
HG00704	SH090	male	father
HG00705	SH090	female	mother
HG00706	SH090	male	child
HG00707	SH091	male	father
HG00708	SH091	female	mother
HG00709	SH091	male	child
HG00716	SH094	male	father
HG00717	SH094	female	mother
HG00718	SH094	male	child
HG00728	SH098	male	father
HG00729	SH098	female	mother
HG00730	SH098	female	child
HG00731	PR05	male	father
HG00732	PR05	female	mother
HG00733	PR05	female	child
HG00734	PR06	female	mother
HG00735	PR06	female	child
HG00736	PR07	male	father
HG00737	PR07	female	mother
HG00738	PR07	male	child
HG00739	PR09	male	father
HG00740	PR09	female	mother
HG00741	PR09	female	child
HG00742	PR10	male	father
HG00743	PR10	female	mother
HG00759	HG00759	female	null
HG00766	HG00766	female	null
HG00844	HG00844	male	null
HG00851	HG00851	female	null
HG00864	HG00864	female	null
HG00866	CDX1	male	null
HG00867	CDX1	female	null
HG00879	HG00879	female	null
HG00881	HG00881	male	null
HG00956	HG00956	female	null
HG00978	HG00978	female	null
HG00982	HG00982	male	null
HG00983	HG00983	male	null
HG01028	HG01028	male	null
HG01029	HG01029	female	null
HG01031	HG01031	male	null
HG01046	HG01046	female	null
HG01047	PR06	male	father
HG01048	PR08	male	father
HG01049	PR08	female	mother
HG01050	PR08	female	child
HG01051	PR11	male	father
HG01052	PR11	female	mother
HG01053	PR11	female	child
HG01054	PR12	male	father
HG01055	PR12	female	mother
HG01056	PR12	male	child
HG01058	PR13	female	mother
HG01060	PR14	male	father
HG01061	PR14	female	mother
HG01062	PR14	female	child
HG01063	PR15	male	father
HG01064	PR15	female	mother
HG01066	PR16	male	father
HG01067	PR16	female	mother
HG01068	PR16	female	child
HG01069	PR17	male	father
HG01070	PR17	female	mother
HG01071	PR17	female	child
HG01072	PR18	male	father
HG01073	PR18	female	mother
HG01074	PR18	male	child
HG01075	PR01	male	father
HG01077	PR20	female	mother
HG01079	PR21	male	father
HG01080	PR21	female	mother
HG01081	PR21	female	child
HG01082	PR28	male	father
HG01083	PR28	female	mother
HG01084	PR28	female	child
HG01085	PR26	male	father
HG01086	PR26	female	mother
HG01087	PR26	female	child
HG01088	PR27	male	father
HG01089	PR27	female	mother
HG01090	PR27	male	child
HG01092	PR30	female	mother
HG01094	PR29	male	father
HG01095	PR29	female	mother
HG01096	PR29	male	child
HG01097	PR31	male	father
HG01098	PR31	female	mother
HG01099	PR31	male	child
HG01100	PR32	female	child
HG01101	PR19	male	father
HG01102	PR19	female	mother
HG01103	PR19	female	child
HG01104	PR25	male	father
HG01105	PR25	female	mother
HG01106	PR25	male	child
HG01107	PR33	male	father
HG01108	PR33	female	mother
HG01109	PR33	male	child
HG01110	PR34	male	father
HG01111	PR34	female	mother
HG01112	CLM03	male	father
HG01113	CLM03	female	mother
HG01114	CLM03	female	child
HG01119	CLM01	female	mother
HG01121	CLM02	male	father
HG01122	CLM02	female	mother
HG01123	CLM02	female	child
HG01124	CLM04	male	father
HG01125	CLM04	female	mother
HG01126	CLM04	male	child
HG01130	CLM06	male	father
HG01131	CLM06	female	mother
HG01133	CLM07	male	father
HG01134	CLM07	female	mother
HG01135	CLM07	male	child
HG01136	CLM08	male	father
HG01137	CLM08	female	mother
HG01138	CLM08	male	child
HG01139	CLM09	male	father
HG01140	CLM09	female	mother
HG01141	CLM09	female	child
HG01142	CLM10	male	father
HG01148	CLM12	male	father
HG01149	CLM12	female	mother
HG01150	CLM12	female	child
HG01161	PR35	male	father
HG01162	PR35	female	mother
HG01164	PR37	male	father
HG01167	PR39	male	father
HG01168	PR39	female	mother
HG01169	PR39	female	child
HG01170	PR24	male	father
HG01171	PR24	female	mother
HG01172	PR24	male	child
HG01173	PR36	male	father
HG01174	PR36	female	mother
HG01175	PR36	female	child
HG01176	PR42	male	father
HG01177	PR42	female	mother
HG01178	PR42	male	child
HG01182	PR44	male	father
HG01183	PR44	female	mother
HG01184	PR44	female	child
HG01187	PR38	male	father
HG01188	PR38	female	mother
HG01189	PR38	male	child
HG01190	PR40	male	father
HG01191	PR40	female	mother
HG01192	PR40	male	child
HG01195	PR45	female	mother
HG01197	PR46	male	father
HG01198	PR46	female	mother
HG01199	PR46	male	child
HG01200	PR47	male	father
HG01204	PR49	male	father
HG01205	PR49	female	mother
HG01206	PR49	male	child
HG01241	PR22	male	father
HG01242	PR22	female	mother
HG01243	PR22	male	child
HG01247	PR32	male	father
HG01248	PR32	female	mother
HG01249	PR34	female	child
HG01250	CLM14	male	father
HG01251	CLM14	female	mother
HG01252	CLM14	male	child
HG01253	CLM15	male	father
HG01254	CLM15	female	mother
HG01255	CLM15	male	child
HG01256	CLM16	male	father
HG01257	CLM16	female	mother
HG01258	CLM16	male	child
HG01259	CLM17	male	father
HG01260	CLM17	female	mother
HG01261	CLM17	male	child
HG01269	CLM20	female	mother
HG01271	CLM21	male	father
HG01272	CLM21	female	mother
HG01273	CLM21	male	child
HG01274	CLM22	male	father
HG01275	CLM22	female	mother
HG01276	CLM22	female	child
HG01277	CLM23	male	father
HG01278	CLM23	female	mother
HG01279	CLM23	female	child
HG01280	CLM24	male	father
HG01281	CLM24	female	mother
HG01284	CLM25	female	mother
HG01286	PR58	male	father
HG01301	PR59	female	child
HG01302	PR59	male	father
HG01303	PR59	female	mother
HG01305	PR61	male	father
HG01308	PR62	male	father
HG01311	PR63	male	father
HG01312	PR63	female	mother
HG01322	PR67	male	father
HG01323	PR67	female	mother
HG01324	PR67	female	child
HG01325	PR68	male	father
HG01326	PR68	female	mother
HG01327	PR68	male	child
HG01334	HG01334	male	null
HG01341	CLM26	male	father
HG01342	CLM26	female	mother
HG01343	CLM26	female	child
HG01344	CLM27	male	father
HG01345	CLM27	female	mother
HG01346	CLM27	female	child
HG01347	CLM28	male	father
HG01348	CLM28	female	mother
HG01349	CLM28	female	child
HG01350	CLM29	male	father
HG01351	CLM29	female	mother
HG01352	CLM29	female	child
HG01353	CLM30	male	father
HG01354	CLM30	female	mother
HG01355	CLM30	female	child
HG01356	CLM31	male	father
HG01357	CLM31	female	mother
HG01358	CLM31	male	child
HG01359	CLM32	male	father
HG01360	CLM32	female	mother
HG01361	CLM32	female	child
HG01362	CLM33	male	father
HG01363	CLM33	female	mother
HG01364	CLM33	female	child
HG01365	CLM34	male	father
HG01366	CLM34	female	mother
HG01367	CLM34	female	child
HG01369	CLM35	female	mother
HG01372	CLM36	female	mother
HG01374	CLM37	male	father
HG01375	CLM37	female	mother
HG01376	CLM37	female	child
HG01377	CLM38	male	father
HG01378	CLM38	female	mother
HG01379	CLM38	female	child
HG01383	CLM40	male	father
HG01384	CLM40	female	mother
HG01385	CLM40	female	child
HG01389	CLM42	male	father
HG01390	CLM42	female	mother
HG01391	CLM42	female	child
HG01392	PR70	male	father
HG01393	PR70	female	mother
HG01394	PR70	female	child
HG01395	PR71	male	father
HG01396	PR71	female	mother
HG01397	PR71	female	child
HG01398	PR72	male	father
HG01402	PR74	male	father
HG01403	PR74	female	mother
HG01404	PR74	female	child
HG01405	PR75	male	father
HG01411	PR63	male	child
HG01412	PR76	male	father
HG01413	PR78	male	father
HG01414	PR78	female	mother
HG01415	PR78	female	child
HG01431	CLM43	male	father
HG01432	CLM43	female	mother
HG01433	CLM43	male	child
HG01435	CLM44	female	mother
HG01437	CLM45	male	father
HG01438	CLM45	female	mother
HG01439	CLM45	female	child
HG01440	CLM46a	male	father
HG01441	CLM46	female	mother
HG01442	CLM46	male	child
HG01443	CLM47	male	father
HG01444	CLM47	female	mother
HG01445	CLM47	male	child
HG01447	CLM48	female	mother
HG01452	CLM50	male	father
HG01453	CLM50	female	mother
HG01454	CLM50	female	child
HG01455	CLM51	male	father
HG01456	CLM51	female	mother
HG01457	CLM51	male	child
HG01459	CLM52	female	mother
HG01461	CLM53	male	father
HG01462	CLM53	female	mother
HG01463	CLM53	female	child
HG01464	CLM54	male	father
HG01465	CLM54	female	mother
HG01466	CLM54	female	child
HG01468	CLM55	female	mother
HG01471	CLM56	female	null
HG01473	CLM57	male	father
HG01474	CLM57	female	mother
HG01477	CLM58	female	mother
HG01479	CLM59	male	father
HG01480	CLM59	female	mother
HG01481	CLM59	female	child
HG01482	CLM60	male	father
HG01483	CLM60	female	mother
HG01484	CLM60	female	child
HG01485	CLM61	male	father
HG01486	CLM61	female	mother
HG01487	CLM61	female	child
HG01488	CLM62	male	father
HG01489	CLM62	female	mother
HG01490	CLM62	female	child
HG01491	CLM63	male	father
HG01492	CLM63	female	mother
HG01493	CLM63	female	child
HG01494	CLM64	male	father
HG01495	CLM64	female	mother
HG01496	CLM64	female	child
HG01497	CLM65	male	father
HG01498	CLM65	female	mother
HG01499	CLM65	male	child
HG01500	IBS001	male	father
HG01501	IBS001	female	mother
HG01502	IBS001	male	child
HG01503	IBS002	male	father
HG01504	IBS002	female	mother
HG01505	IBS002	male	child
HG01506	IBS003	male	father
HG01507	IBS003	female	mother
HG01508	IBS003	male	child
HG01509	IBS004	male	father
HG01510	IBS004	female	mother
HG01511	IBS004	female	child
HG01512	IBS005	male	father
HG01513	IBS005	female	mother
HG01514	IBS005	female	child
HG01515	IBS006	male	father
HG01516	IBS006	female	mother
HG01517	IBS006	female	child
HG01518	IBS007	male	father
HG01519	IBS007	female	mother
HG01520	IBS007	female	child
HG01521	IBS008	male	father
HG01522	IBS008	female	mother
HG01523	IBS008	male	child
HG01524	IBS009	male	father
HG01525	IBS009	female	mother
HG01526	IBS009	male	child
HG01527	IBS010	male	father
HG01528	IBS010	female	mother
HG01529	IBS010	male	child
HG01530	IBS011	male	father
HG01531	IBS011	female	mother
HG01532	IBS011	male	child
HG01536	IBS013	male	father
HG01537	IBS013	female	mother
HG01538	IBS013	female	child
HG01550	CLM66	male	father
HG01551	CLM66	female	mother
HG01552	CLM66	male	child
HG01556	CLM68	male	father
HG01565	PEL001	male	father
HG01566	PEL001	female	mother
HG01567	PEL001	female	child
HG01571	PEL003	male	father
HG01572	PEL003	female	mother
HG01573	PEL003	female	child
HG01577	PEL005	male	father
HG01578	PEL005	female	mother
HG01579	PEL005	male	child
HG01583	PK02	male	father
HG01586	PK03	male	father
HG01589	PK04	male	father
HG01590	PK04	female	mother
HG01593	PK05	female	mother
HG01594	PK05	male	child
HG01595	VN001	female	null
HG01596	VN002	male	null
HG01597	VN003	female	null
HG01598	VN004	female	null
HG01599	VN005	female	null
HG01600	VN006	female	null
HG01601	IBS024	male	child
HG01602	IBS024	female	mother
HG01603	IBS024	male	father
HG01604	IBS023	female	child
HG01605	IBS023	female	mother
HG01606	IBS023	male	father
HG01607	IBS022	female	mother
HG01608	IBS022	male	father
HG01609	IBS022	male	child
HG01610	IBS021	male	father
HG01611	IBS021	male	child
HG01612	IBS021	female	mother
HG01613	IBS020	female	mother
HG01614	IBS020	female	child
HG01615	IBS020	male	father
HG01616	IBS019	female	child
HG01617	IBS019	male	father
HG01618	IBS019	female	mother
HG01619	IBS018	male	father
HG01620	IBS018	female	mother
HG01621	IBS018	male	child
HG01622	IBS017	female	child
HG01623	IBS017	female	mother
HG01624	IBS017	male	father
HG01625	IBS016	male	father
HG01626	IBS016	female	mother
HG01627	IBS016	male	child
HG01628	IBS015	female	mother
HG01629	IBS015	male	child
HG01630	IBS015	male	father
HG01631	IBS014	male	father
HG01632	IBS014	female	mother
HG01633	IBS014	male	child
HG01667	IBS025	male	child
HG01668	IBS025	female	mother
HG01669	IBS025	male	father
HG01670	IBS026	female	mother
HG01671	IBS026	male	child
HG01672	IBS026	male	father
HG01673	IBS027	female	mother
HG01674	IBS027	male	child
HG01675	IBS027	male	father
HG01676	IBS028	female	mother
HG01677	IBS028	female	child
HG01678	IBS028	male	father
HG01679	IBS029	female	mother
HG01680	IBS029	male	father
HG01681	IBS029	female	child
HG01682	IBS030	male	father
HG01683	IBS030	male	child
HG01684	IBS030	female	mother
HG01685	IBS031	female	mother
HG01686	IBS031	male	father
HG01687	IBS031	female	child
HG01694	IBS034	male	father
HG01695	IBS034	female	mother
HG01696	IBS034	male	child
HG01697	IBS035	female	mother
HG01698	IBS035	male	child
HG01699	IBS035	male	father
HG01700	IBS036	male	father
HG01701	IBS036	male	child
HG01702	IBS036	female	mother
HG01703	IBS037	male	child
HG01704	IBS037	female	mother
HG01705	IBS037	male	father
HG01706	IBS038	female	child
HG01707	IBS038	female	mother
HG01708	IBS038	male	father
HG01709	IBS039	male	father
HG01710	IBS039	female	mother
HG01711	IBS039	female	child
HG01746	IBS041	female	mother
HG01747	IBS041	male	father
HG01748	IBS041	male	child
HG01755	IBS044	female	child
HG01756	IBS044	male	father
HG01757	IBS044	female	mother
HG01761	IBS046	male	father
HG01762	IBS046	female	mother
HG01763	IBS046	female	child
HG01764	IBS047	female	child
HG01765	IBS047	male	father
HG01766	IBS047	female	mother
HG01767	IBS048	male	father
HG01768	IBS048	female	mother
HG01769	IBS048	female	child
HG01770	IBS049	female	mother
HG01771	IBS049	male	father
HG01772	IBS049	female	child
HG01773	IBS050	female	mother
HG01774	IBS050	male	child
HG01775	IBS050	male	father
HG01776	IBS051	female	mother
HG01777	IBS051	male	father
HG01778	IBS051	male	child
HG01779	IBS052	female	mother
HG01780	IBS052	male	child
HG01781	IBS052	male	father
HG01782	IBS053	female	child
HG01783	IBS053	male	father
HG01784	IBS053	female	mother
HG01785	IBS054	male	father
HG01786	IBS054	female	mother
HG01787	IBS054	female	child
HG01789	HG01789	male	null
HG01790	HG01790	female	null
HG01791	HG01791	male	null
HG01794	HG01794	female	null
HG01795	HG01795	female	null
HG01796	HG01796	female	null
HG01797	HG01797	female	null
HG01798	HG01798	female	null
HG01799	HG01799	female	null
HG01800	HG01800	female	null
HG01801	HG01801	female	null
HG01802	HG01802	female	null
HG01804	HG01804	female	null
HG01805	HG01805	female	null
HG01806	HG01806	female	null
HG01807	HG01807	female	null
HG01808	HG01808	female	null
HG01809	HG01809	female	null
HG01810	HG01810	male	null
HG01811	HG01811	male	null
HG01812	HG01812	female	null
HG01813	HG01813	female	null
HG01815	HG01815	female	null
HG01816	HG01816	male	null
HG01817	HG01817	female	null
HG01840	VN007	male	null
HG01841	VN008	female	null
HG01842	VN009	male	null
HG01843	VN010	female	null
HG01844	VN011	male	null
HG01845	VN012	female	null
HG01846	VN013	male	null
HG01847	VN014	female	null
HG01848	VN015	female	null
HG01849	VN016	male	null
HG01850	VN017	female	null
HG01851	VN018	female	null
HG01852	VN019	male	null
HG01853	VN020	female	null
HG01855	VN022	female	null
HG01857	VN024	female	null
HG01858	VN025	female	null
HG01859	VN026	female	null
HG01860	VN027	male	null
HG01861	VN028	male	null
HG01862	VN029	female	null
HG01863	VN030	female	null
HG01864	VN031	male	null
HG01865	VN032	male	null
HG01866	VN033	male	null
HG01867	VN034	male	null
HG01868	VN035	female	null
HG01869	VN036	female	null
HG01870	VN037	female	null
HG01871	VN038	female	null
HG01872	VN039	male	null
HG01873	VN040	male	null
HG01874	VN041	female	null
HG01878	VN045	female	null
HG01879	BB01	male	father
HG01880	BB01	female	mother
HG01881	BB01	female	child
HG01882	BB02	male	father
HG01883	BB02	female	mother
HG01884	BB03	female	child
HG01885	BB03	male	father
HG01886	BB04	female	mother
HG01887	BB04	male	child
HG01888	BB02	male	child
HG01889	BB05	female	mother
HG01890	BB05	male	father
HG01891	BB05	female	child
HG01892	PEL007	male	father
HG01893	PEL007	female	mother
HG01894	BB06	female	mother
HG01895	BB06	male	child
HG01896	BB07	female	mother
HG01897	BB07	male	child
HG01898	PEL007	female	child
HG01912	BB06	male	father
HG01914	BB09	male	father
HG01915	BB09	female	mother
HG01916	BB09	female	child
HG01917	PEL006	male	father
HG01918	PEL006	female	mother
HG01919	PEL006	female	child
HG01920	PEL009	male	father
HG01921	PEL009	female	mother
HG01922	PEL009	female	child
HG01923	PEL010	male	father
HG01924	PEL010	female	mother
HG01925	PEL010	female	child
HG01926	PEL011	male	father
HG01927	PEL011	female	mother
HG01928	PEL011	male	child
HG01932	PEL013	male	father
HG01933	PEL013	female	mother
HG01934	PEL013	male	child
HG01935	PEL014	male	father
HG01936	PEL014	female	mother
HG01937	PEL014	male	child
HG01938	PEL015	male	father
HG01939	PEL015	female	mother
HG01940	PEL015	female	child
HG01941	PEL016	male	father
HG01942	PEL016	female	mother
HG01943	PEL016	male	child
HG01944	PEL017	male	father
HG01945	PEL017	female	mother
HG01946	PEL017	male	child
HG01947	PEL018	male	father
HG01948	PEL018	female	mother
HG01949	PEL018	female	child
HG01950	PEL019	male	father
HG01951	PEL019	female	mother
HG01952	PEL019	male	child
HG01953	PEL020	male	father
HG01954	PEL020	female	mother
HG01955	PEL020	female	child
HG01956	BB03	female	mother
HG01958	BB10	female	mother
HG01959	BB10	female	child
HG01960	BB11	female	child
HG01961	PEL21	male	father
HG01965	PEL22	female	mother
HG01967	PEL023	male	father
HG01968	PEL023	female	mother
HG01969	PEL023	female	child
HG01970	PEL024	male	father
HG01971	PEL024	female	mother
HG01972	PEL024	female	child
HG01973	PEL25	female	mother
HG01974	PEL25	male	father
HG01975	PEL25	female	child
HG01976	PEL26	female	mother
HG01977	PEL26	male	father
HG01978	PEL26	female	child
HG01979	PEL27	male	father
HG01980	PEL27	female	mother
HG01981	PEL27	female	child
HG01982	PEL28	male	father
HG01983	PEL28	female	mother
HG01984	PEL28	male	child
HG01985	BB08	female	null
HG01986	BB10	male	father
HG01987	BB12	male	child
HG01988	BB11	male	father
HG01989	BB11	female	mother
HG01990	BB12	male	father
HG01991	PEL29	male	father
HG01992	PEL29	female	mother
HG01993	PEL29	female	child
HG01995	PEL30	female	mother
HG01997	PEL31	female	mother
HG01998	PEL31	male	child
HG02002	PEL33	male	father
HG02003	PEL33	female	mother
HG02004	PEL33	female	child
HG02006	PEL34	female	child
HG02008	PEL31	male	father
HG02009	BB13	male	father
HG02010	BB13	female	mother
HG02011	BB13	male	child
HG02012	BB12	female	mother
HG02013	BB07	male	father
HG02014	BB04	male	father
HG02015	VN046	male	child
HG02016	VN046	female	mother
HG02017	VN046	male	father
HG02018	VN047	female	child
HG02019	VN047	female	mother
HG02020	VN047	male	father
HG02021	VN048	male	child
HG02023	VN048	male	father
HG02024	VN049	female	child
HG02025	VN049	female	mother
HG02026	VN049	male	father
HG02027	VN050	male	child
HG02028	VN050	female	mother
HG02029	VN050	male	father
HG02030	VN051	male	child
HG02031	VN051	female	mother
HG02032	VN051	male	father
HG02035	VN052	male	null
HG02040	VN054	male	null
HG02046	VN056	female	null
HG02047	VN056	male	null
HG02048	VN057	female	null
HG02049	VN058	female	null
HG02050	VN059	male	null
HG02051	BB14	male	null
HG02052	BB14	female	null
HG02053	BB15	male	father
HG02054	BB15	female	mother
HG02055	BB15	male	child
HG02056	VN060	male	child
HG02057	VN060	female	mother
HG02058	VN060	male	father
HG02059	VN061	female	child
HG02060	VN061	female	mother
HG02061	VN061	male	father
HG02064	VN062	male	null
HG02067	VN063	male	null
HG02068	VN064	female	child
HG02069	VN064	female	mother
HG02070	VN064	male	father
HG02071	VN065	male	child
HG02072	VN065	female	mother
HG02073	VN065	male	father
HG02074	VN066	male	child
HG02075	VN066	female	mother
HG02076	VN066	male	father
HG02077	VN067	male	child
HG02078	VN067	female	mother
HG02079	VN067	male	father
HG02080	VN068	female	child
HG02081	VN068	female	mother
HG02082	VN068	male	father
HG02083	VN069	male	child
HG02084	VN069	female	mother
HG02085	VN069	male	father
HG02086	VN070	female	null
HG02087	VN071	female	null
HG02088	VN072	male	null
HG02089	PEL35	female	mother
HG02090	PEL35	male	father
HG02091	PEL35	female	child
HG02095	BB16	female	null
HG02102	PEL37	female	child
HG02104	PEL38	male	father
HG02105	PEL38	female	mother
HG02106	PEL38	female	child
HG02107	BB18	male	null
HG02108	BB18	female	null
HG02111	BB19	female	null
HG02113	VN073	female	null
HG02116	VN074	male	null
HG02120	VN076	male	child
HG02121	VN076	female	mother
HG02122	VN076	male	father
HG02126	VN078	female	child
HG02127	VN078	female	mother
HG02128	VN078	male	father
HG02129	VN079	male	child
HG02130	VN079	female	mother
HG02131	VN079	male	father
HG02132	VN080	male	child
HG02133	VN080	female	mother
HG02134	VN080	male	father
HG02135	VN081	male	child
HG02136	VN081	female	mother
HG02137	VN081	male	father
HG02138	VN082	male	null
HG02139	VN083	female	null
HG02140	VN084	female	null
HG02141	VN085	male	null
HG02142	VN086	female	null
HG02143	BB20	male	father
HG02144	BB20	female	mother
HG02145	BB20	male	child
HG02146	PEL39	male	father
HG02147	PEL39	female	mother
HG02148	PEL39	female	child
HG02150	PEL40	male	child
HG02151	HG02151	female	null
HG02152	HG02152	female	null
HG02153	HG02153	female	null
HG02154	HG02154	female	null
HG02155	HG02155	female	null
HG02156	HG02156	female	null
HG02164	HG02164	female	null
HG02165	HG02165	female	null
HG02166	HG02166	female	null
HG02168	HG02168	female	unrel
HG02169	HG02169	female	unrel
HG02170	HG02170	female	unrel
HG02173	HG02173	female	unrel
HG02176	HG02176	female	unrel
HG02178	HG02178	female	null
HG02179	HG02179	female	null
HG02180	HG02180	female	null
HG02181	HG02181	female	null
HG02182	HG02182	female	null
HG02184	HG02184	female	null
HG02185	HG02185	female	null
HG02186	HG02186	female	null
HG02187	HG02187	female	null
HG02188	HG02188	female	null
HG02189	HG02189	female	null
HG02190	HG02190	female	null
HG02215	HG02215	female	null
HG02217	IBS055	female	child
HG02218	IBS055	female	mother
HG02219	IBS055	male	father
HG02220	IBS056	female	mother
HG02221	IBS056	male	father
HG02222	IBS056	female	child
HG02223	IBS057	female	mother
HG02224	IBS057	male	father
HG02225	IBS057	female	child
HG02229	IBS059	female	child
HG02230	IBS059	female	mother
HG02231	IBS059	male	father
HG02232	IBS060	female	mother
HG02233	IBS060	male	father
HG02234	IBS060	male	child
HG02235	IBS061	female	mother
HG02236	IBS061	male	father
HG02237	IBS061	female	child
HG02238	IBS062	male	father
HG02239	IBS062	female	mother
HG02240	IBS062	female	child
HG02250	HG02250	male	null
HG02252	PEL41	female	mother
HG02253	PEL41	male	father
HG02254	PEL41	female	child
HG02255	BB21	male	father
HG02256	BB21	female	mother
HG02257	BB21	female	child
HG02258	BB22	male	child
HG02259	PEL42	male	father
HG02260	PEL42	female	mother
HG02261	PEL42	male	child
HG02262	PEL43	male	child
HG02265	PEL44	male	father
HG02266	PEL44	female	mother
HG02267	PEL44	female	child
HG02271	PEL46	male	father
HG02272	PEL46	female	mother
HG02273	PEL46	female	child
HG02274	PEL47	male	father
HG02275	PEL47	female	mother
HG02276	PEL47	female	child
HG02277	PEL48	male	father
HG02278	PEL48	female	mother
HG02279	PEL48	male	child
HG02280	BB23	female	child
HG02281	BB24	male	father
HG02282	BB24	female	mother
HG02283	BB25	male	null
HG02284	BB26	male	null
HG02285	PEL49	male	father
HG02286	PEL49	female	mother
HG02287	PEL49	female	child
HG02288	PEL50	male	father
HG02291	PEL51	male	father
HG02292	PEL51	female	mother
HG02293	PEL51	female	child
HG02298	PEL52	female	mother
HG02299	PEL52	male	father
HG02300	PEL52	male	child
HG02301	PEL53	female	mother
HG02302	PEL53	male	father
HG02303	PEL53	female	child
HG02304	PEL54	male	child
HG02307	BB23	male	father
HG02308	BB23	female	mother
HG02309	BB25	female	null
HG02312	PEL55	female	child
HG02314	BB22	male	father
HG02315	BB22	female	mother
HG02316	BB27	male	child
HG02317	BB27	male	father
HG02318	BB27	female	mother
HG02321	BB24	female	child
HG02322	BB28	female	null
HG02323	BB29	male	null
HG02325	BB30	female	null
HG02330	BB33	male	null
HG02332	BB16	male	null
HG02334	BB32	male	null
HG02337	BB31	female	null
HG02339	BB34	female	null
HG02343	BB35	male	null
HG02344	PEL56	male	father
HG02345	PEL56	female	mother
HG02347	PEL57	male	father
HG02348	PEL57	female	mother
HG02351	HG02351	male	null
HG02353	HG02353	male	null
HG02355	HG02355	male	null
HG02356	HG02356	male	null
HG02358	HG02358	male	unrel
HG02360	HG02360	male	null
HG02363	HG02363	male	null
HG02364	HG02364	male	null
HG02367	HG02367	male	null
HG02371	CDX2	male	null
HG02372	CDX2	male	null
HG02373	HG02373	male	null
HG02374	HG02374	male	null
HG02375	HG02375	male	null
HG02377	HG02377	male	null
HG02379	HG02379	male	null
HG02380	HG02380	male	null
HG02381	HG02381	male	null
HG02382	HG02382	male	null
HG02383	HG02383	male	null
HG02384	HG02384	male	null
HG02385	HG02385	male	null
HG02386	HG02386	male	null
HG02387	HG02387	male	null
HG02388	HG02388	male	null
HG02389	HG02389	male	null
HG02390	HG02390	male	null
HG02391	HG02391	male	null
HG02392	HG02392	male	null
HG02394	HG02394	male	null
HG02395	HG02395	male	null
HG02396	HG02396	male	null
HG02397	HG02397	male	null
HG02398	HG02398	male	null
HG02399	HG02399	male	null
HG02401	HG02401	male	null
HG02402	HG02402	male	null
HG02405	HG02405	male	unrel
HG02406	HG02406	male	null
HG02407	HG02407	male	null
HG02408	HG02408	male	unrel
HG02409	HG02409	male	null
HG02410	HG02410	male	unrel
HG02415	PEL58	female	mother
HG02419	BB36	female	null
HG02420	BB37	male	father
HG02425	PEL59	female	mother
HG02427	BB37	female	mother
HG02428	BB37	male	child
HG02429	BB39	male	null
HG02433	BB41	male	null
HG02436	BB40	male	null
HG02439	BB42	male	father
HG02442	BB43	male	null
HG02445	BB44	male	null
HG02449	BB46	male	father
HG02450	BB46	female	mother
HG02451	BB46	female	child
HG02455	BB48	male	father
HG02461	GB15	male	father
HG02462	GB15	female	mother
HG02463	GB15	male	child
HG02464	GB16	male	father
HG02465	GB16	female	mother
HG02466	GB16	male	child
HG02470	BB49	male	null
HG02471	BB49	female	null
HG02476	BB51	female	mother
HG02477	BB52	female	mother
HG02478	BB53	male	father
HG02479	BB53	female	mother
HG02480	BB53	female	child
HG02481	BB54	male	father
HG02484	BB55	male	father
HG02485	BB55	female	mother
HG02486	BB55	male	child
HG02489	BB45	male	null
HG02490	PK06	male	father
HG02491	PK06	female	mother
HG02492	PK06	male	child
HG02493	PK07	male	father
HG02494	PK07	female	mother
HG02495	PK07	female	child
HG02496	BB57	male	null
HG02497	BB57	female	null
HG02501	BB58	male	father
HG02502	BB58	female	mother
HG02505	BB59	female	mother
HG02508	BB60	female	null
HG02511	BB56	female	null
HG02512	VN087	male	father
HG02513	VN087	female	mother
HG02514	VN087	male	child
HG02521	VN090	male	father
HG02522	VN090	female	mother
HG02523	VN090	female	child
HG02524	VN91	male	father
HG02525	VN91	female	mother
HG02526	VN91	female	child
HG02536	BB61	male	father
HG02537	BB61	female	mother
HG02541	BB63	male	father
HG02545	BB64	male	father
HG02546	BB64	female	mother
HG02547	BB64	male	child
HG02549	BB65	female	mother
HG02554	BB67	male	father
HG02555	BB67	female	mother
HG02557	BB68	male	father
HG02558	BB68	female	mother
HG02559	BB68	female	child
HG02561	GB18	male	father
HG02562	GB18	female	mother
HG02563	GB18	male	child
HG02567	GB20	male	father
HG02568	GB20	female	mother
HG02569	GB20	male	child
HG02570	GB21	male	father
HG02571	GB21	female	mother
HG02572	GB21	male	child
HG02573	GB22	male	father
HG02574	GB22	female	mother
HG02575	GB22	male	child
HG02577	BB69	female	mother
HG02580	BB70	female	mother
HG02582	GB23	male	father
HG02583	GB23	female	mother
HG02584	GB23	male	child
HG02585	GB24	male	father
HG02586	GB24	female	mother
HG02587	GB24	female	child
HG02588	GB25	male	father
HG02589	GB25	female	mother
HG02590	GB25	male	child
HG02594	GB27	male	father
HG02595	GB27	female	mother
HG02596	GB27	male	child
HG02597	PK08	male	father
HG02599	PK08	male	child
HG02600	PK09	male	father
HG02601	PK09	female	mother
HG02602	PK09	male	child
HG02603	PK10	male	father
HG02604	PK10	female	mother
HG02605	PK10	female	child
HG02610	GB28	male	father
HG02611	GB28	female	mother
HG02612	GB28	male	child
HG02613	GB29	male	father
HG02614	GB29	female	mother
HG02615	GB29	female	child
HG02620	GB31	male	father
HG02621	GB31	female	mother
HG02622	GB31	female	child
HG02623	GB32	male	father
HG02624	GB32	female	mother
HG02625	GB32	male	child
HG02628	GB33	male	father
HG02629	GB33	female	mother
HG02630	GB33	female	child
HG02634	GB35	male	father
HG02635	GB35	female	mother
HG02636	GB35	male	child
HG02642	GB37	male	father
HG02643	GB37	female	mother
HG02644	GB37	male	child
HG02645	GB38	male	father
HG02646	GB38	female	mother
HG02647	GB38	male	child
HG02648	PK11	male	father
HG02649	PK11	female	mother
HG02650	PK11	male	child
HG02651	PK12	male	father
HG02652	PK12	female	mother
HG02653	PK12	female	child
HG02654	PK13	male	father
HG02655	PK13	female	mother
HG02656	PK13	male	child
HG02657	PK14	male	father
HG02658	PK14	female	mother
HG02659	PK14	female	child
HG02660	PK15	male	father
HG02661	PK15	female	mother
HG02662	PK15	female	child
HG02666	GB40	male	father
HG02667	GB40	female	mother
HG02668	GB40	male	child
HG02675	GB43	male	father
HG02676	GB43	female	mother
HG02677	GB43	female	child
HG02678	GB44	male	father
HG02679	GB44	female	mother
HG02680	GB44	female	child
HG02681	PK16	male	father
HG02682	PK16	female	mother
HG02683	PK16	female	child
HG02684	PK17	male	father
HG02685	PK17	female	mother
HG02686	PK17	male	child
HG02687	PK18	male	father
HG02688	PK18	female	mother
HG02689	PK18	male	child
HG02690	PK19	male	father
HG02691	PK19	female	mother
HG02692	PK19	female	child
HG02694	PK20	female	mother
HG02696	PK21	male	father
HG02697	PK21	female	mother
HG02698	PK21	male	child
HG02699	PK22	male	father
HG02700	PK22	female	mother
HG02701	PK22	male	child
HG02702	GB45	male	father
HG02703	GB45	female	mother
HG02704	GB45	female	child
HG02715	GB50	male	father
HG02716	GB50	female	mother
HG02717	GB50	male	child
HG02721	GB52	male	father
HG02722	GB52	female	mother
HG02723	GB52	female	child
HG02724	PK23	male	father
HG02725	PK23	female	mother
HG02726	PK23	female	child
HG02727	PK24	male	father
HG02728	PK24	female	mother
HG02729	PK24	male	child
HG02731	PK25	female	mother
HG02733	PK26	male	father
HG02734	PK26	female	mother
HG02735	PK26	male	child
HG02736	PK27	male	father
HG02737	PK27	female	mother
HG02738	PK27	male	child
HG02756	GB53	male	father
HG02757	GB53	female	mother
HG02758	GB53	female	child
HG02759	GB54	male	father
HG02760	GB54	female	mother
HG02761	GB54	female	child
HG02762	GB55	male	father
HG02763	GB55	female	mother
HG02764	GB55	male	child
HG02768	GB57	male	father
HG02769	GB57	female	mother
HG02770	GB57	female	child
HG02771	GB58	male	father
HG02772	GB58	female	mother
HG02773	GB58	male	child
HG02774	PK28	male	father
HG02775	PK28	female	mother
HG02776	PK28	female	child
HG02778	PK29	female	mother
HG02779	PK29	male	child
HG02780	PK30	male	father
HG02781	PK30	female	mother
HG02783	PK31	male	father
HG02784	PK31	female	mother
HG02785	PK31	female	child
HG02786	PK32	male	father
HG02787	PK32	female	mother
HG02788	PK32	female	child
HG02789	PK33	male	father
HG02790	PK33	female	mother
HG02791	PK33	male	child
HG02792	PK34	male	father
HG02793	PK34	female	mother
HG02794	PK34	male	child
HG02798	GB60	male	father
HG02799	GB60	female	mother
HG02800	GB60	male	child
HG02804	GB62	male	father
HG02805	GB62	female	mother
HG02806	GB62	female	child
HG02807	GB63	male	father
HG02808	GB63	female	mother
HG02809	GB63	female	child
HG02810	GB64	male	father
HG02811	GB64	female	mother
HG02812	GB64	male	child
HG02813	GB65	male	father
HG02814	GB65	female	mother
HG02815	GB65	male	child
HG02816	GB66	male	father
HG02817	GB66	female	mother
HG02818	GB66	female	child
HG02819	GB67	male	father
HG02820	GB67	female	mother
HG02821	GB67	male	child
HG02836	GB73	male	father
HG02837	GB73	female	mother
HG02838	GB73	male	child
HG02839	GB74	male	father
HG02840	GB74	female	mother
HG02841	GB74	female	child
HG02851	GB78	male	father
HG02852	GB78	female	mother
HG02853	GB78	male	child
HG02854	GB79	male	father
HG02855	GB79	female	mother
HG02856	GB79	male	child
HG02860	GB81	male	father
HG02861	GB81	female	mother
HG02862	GB81	female	child
HG02869	GB84	male	father
HG02870	GB84	female	mother
HG02871	GB84	female	child
HG02878	GB87	male	father
HG02879	GB87	female	mother
HG02880	GB87	female	child
HG02881	GB88	male	father
HG02882	GB88	female	mother
HG02883	GB88	male	child
HG02884	GB89	male	father
HG02885	GB89	female	mother
HG02886	GB89	female	child
HG02887	GB90	male	father
HG02888	GB90	female	mother
HG02889	GB90	female	child
HG02890	GB91	male	father
HG02891	GB91	female	mother
HG02892	GB91	male	child
HG02895	GB93	male	father
HG02896	GB93	female	mother
HG02897	GB93	female	child
HG02922	NG06	female	mother
HG02923	NG06	male	father
HG02924	NG06	male	child
HG02938	NG11	male	father
HG02939	NG11	male	child
HG02941	NG12	male	father
HG02942	NG12	male	child
HG02943	NG13	female	mother
HG02944	NG13	male	father
HG02945	NG13	female	child
HG02946	NG14	female	mother
HG02947	NG14	male	father
HG02948	NG14	male	child
HG02952	NG16	female	mother
HG02953	NG16	male	father
HG02954	NG16	male	child
HG02964	NG20	female	mother
HG02965	NG20	male	father
HG02966	NG20	male	child
HG02968	NG21	male	father
HG02969	NG21	female	child
HG02970	NG22	female	mother
HG02971	NG22	male	father
HG02972	NG22	male	child
HG02973	NG23	male	father
HG02974	NG23	female	mother
HG02975	NG23	male	child
HG02976	NG24	female	mother
HG02977	NG24	male	father
HG02978	NG24	female	child
HG02979	NG25	female	mother
HG02980	NG25	male	child
HG02981	NG25	male	father
HG02982	GB97	male	father
HG02983	GB97	female	mother
HG02984	GB97	male	child
HG03006	BD01	male	father
HG03007	BD01	female	mother
HG03008	BD01	male	child
HG03009	HG03009	male	unrel
HG03012	BD3	male	father
HG03015	PK35	male	father
HG03016	PK35	female	mother
HG03017	PK35	male	child
HG03018	PK36	male	father
HG03019	PK36	female	mother
HG03021	PK37	male	father
HG03022	HG03022	female	unrel
HG03023	PK37	male	child
HG03024	GB105	male	father
HG03025	GB105	female	mother
HG03026	GB105	female	child
HG03027	GB106	male	father
HG03028	GB106	female	mother
HG03029	GB106	male	child
HG03033	GB108	male	father
HG03034	GB108	female	mother
HG03035	GB108	male	child
HG03039	GB110	male	father
HG03040	GB110	female	mother
HG03041	GB110	female	child
HG03045	GB112	male	father
HG03046	GB112	female	mother
HG03047	GB112	female	child
HG03048	GB113	male	father
HG03049	GB113	female	mother
HG03050	GB113	male	child
HG03052	SL01	female	mother
HG03053	SL01	female	child
HG03054	SL02	male	father
HG03055	SL02	female	mother
HG03056	SL02	male	child
HG03057	HG03057	male	unrel
HG03058	SL03	female	mother
HG03059	SL03	male	child
HG03060	HG03060	male	unrel
HG03061	SL04	female	mother
HG03062	SL04	male	child
HG03063	SL05	male	father
HG03064	SL05	female	mother
HG03065	SL05	male	child
HG03066	SL06	male	father
HG03069	SL07	male	father
HG03072	SL08	male	father
HG03073	SL08	female	mother
HG03074	HG03074	male	unrel
HG03076	SL09	female	mother
HG03077	HG03077	male	unrel
HG03078	HG03078	male	unrel
HG03079	SL10	female	mother
HG03080	SL10	female	child
HG03081	SL11	male	father
HG03082	SL11	female	mother
HG03084	HG03084	male	unrels
HG03085	HG03085	female	unrels
HG03086	HG03086	female	unrel
HG03088	SL13	female	mother
HG03091	SL14	female	mother
HG03095	SL15	female	child
HG03096	SL16	male	father
HG03097	SL16	female	mother
HG03098	SL16	male	child
HG03099	NG26	female	mother
HG03100	NG26	male	father
HG03101	NG26	male	child
HG03103	NG27	male	father
HG03104	NG27	female	child
HG03105	NG28	female	mother
HG03107	NG28	female	child
HG03108	NG29	female	mother
HG03109	NG29	male	father
HG03110	NG29	female	child
HG03111	NG30	female	mother
HG03112	NG30	male	father
HG03113	NG30	female	child
HG03114	NG31	female	mother
HG03115	NG31	male	father
HG03116	NG31	female	child
HG03117	NG32	female	mother
HG03118	NG32	male	father
HG03119	NG32	female	child
HG03120	NG33	male	father
HG03121	NG33	female	mother
HG03122	NG33	male	child
HG03123	NG34	female	mother
HG03124	NG34	male	father
HG03125	NG34	female	child
HG03126	NG35	female	mother
HG03127	NG35	male	father
HG03128	NG35	male	child
HG03129	NG36	female	mother
HG03130	NG36	male	father
HG03131	NG36	male	child
HG03132	NG37	female	mother
HG03133	NG37	male	father
HG03134	NG37	male	child
HG03135	NG38	female	mother
HG03136	NG38	male	father
HG03137	NG38	male	child
HG03139	NG39	male	father
HG03140	NG39	female	child
HG03157	NG45	male	father
HG03158	NG45	female	child
HG03159	NG46	female	mother
HG03160	NG46	male	father
HG03161	NG46	male	child
HG03162	NG47	female	mother
HG03163	NG47	male	father
HG03164	NG47	female	child
HG03166	NG48	male	father
HG03167	NG48	male	child
HG03168	NG49	female	mother
HG03169	NG49	male	father
HG03170	NG49	male	child
HG03171	HG03171	female	unrel
HG03172	NG50	male	father
HG03173	NG50	male	child
HG03175	NG51	male	father
HG03176	NG51	male	child
HG03189	NG56	female	mother
HG03190	NG56	male	father
HG03191	NG56	male	child
HG03193	NG57	male	father
HG03194	NG57	male	child
HG03195	NG58	female	mother
HG03196	NG58	male	father
HG03197	NG58	male	child
HG03198	NG59	female	mother
HG03199	NG59	male	father
HG03200	NG59	female	child
HG03202	NG60	male	father
HG03203	NG60	female	child
HG03209	SL17	male	child
HG03212	SL18	female	child
HG03224	SL22	male	child
HG03225	SL23	male	father
HG03228	PK38	male	father
HG03229	PK38	female	mother
HG03230	PK38	female	child
HG03234	PK40	male	father
HG03235	PK40	female	mother
HG03236	PK40	female	child
HG03237	PK41	male	father
HG03238	PK41	female	mother
HG03239	PK41	female	child
HG03240	GB114	male	father
HG03241	GB114	female	mother
HG03242	GB114	male	child
HG03246	GB116	male	father
HG03247	GB116	female	mother
HG03248	GB116	male	child
HG03249	GB117	male	father
HG03250	GB117	female	mother
HG03251	GB117	female	child
HG03258	GB120	male	father
HG03259	GB120	female	mother
HG03260	GB120	male	child
HG03265	NG63	male	father
HG03266	NG63	female	child
HG03267	NG64	female	mother
HG03268	NG64	male	father
HG03269	NG64	male	child
HG03270	NG65	female	mother
HG03271	NG65	male	father
HG03272	NG65	female	child
HG03279	NG68	female	mother
HG03280	NG68	male	father
HG03291	NG72	female	mother
HG03293	NG72	male	child
HG03294	NG73	female	mother
HG03295	NG73	male	father
HG03296	NG73	male	child
HG03297	NG74	female	mother
HG03298	NG74	male	father
HG03299	NG74	male	child
HG03300	NG75	female	mother
HG03301	NG75	male	father
HG03302	NG75	male	child
HG03303	NG76	female	mother
HG03304	NG76	male	father
HG03305	NG76	female	child
HG03306	NG77	female	mother
HG03307	NG77	male	father
HG03308	NG77	male	child
HG03309	NG78	female	mother
HG03310	NG78	female	child
HG03311	NG78	male	father
HG03312	NG79	female	mother
HG03313	NG79	male	father
HG03314	NG79	male	child
HG03339	NG88	female	mother
HG03341	NG88	female	child
HG03342	NG89	female	mother
HG03343	NG89	male	father
HG03344	NG89	male	child
HG03350	NG92	male	child
HG03351	NG92	female	mother
HG03352	NG92	male	father
HG03354	NG93	female	mother
HG03361	NG95	male	father
HG03362	NG95	male	child
HG03363	NG96	female	mother
HG03365	NG96	male	child
HG03366	NG97	female	mother
HG03367	NG97	male	father
HG03368	NG97	male	child
HG03369	NG98	female	mother
HG03370	NG98	male	father
HG03371	NG98	male	child
HG03372	NG99	female	mother
HG03373	NG99	male	father
HG03374	NG99	female	child
HG03376	SL24	male	father
HG03378	HG03378	female	unrel
HG03380	SL25	female	mother
HG03381	SL30	female	child
HG03382	SL26	male	father
HG03383	HG03383	female	unrel
HG03384	SL26	female	child
HG03385	SL27	male	father
HG03388	SL28	male	father
HG03390	SL28	male	child
HG03391	SL29	male	father
HG03393	HG03393	female	unrel
HG03394	SL30	male	father
HG03397	HG03397	male	unrels
HG03398	HG03398	female	unrels
HG03399	SL26	male	Child2
HG03401	SL32	female	mother
HG03402	SL32	female	child
HG03408	SL34	male	child
HG03410	SL35	female	mother
HG03411	SL35	female	child
HG03419	SL38	female	mother
HG03428	SL42	female	mother
HG03431	HG03431	female	unrel
HG03432	HG03432	male	unrel
HG03433	HG03433	male	unrel
HG03436	HG03436	male	unrels
HG03437	HG03437	female	unrels
HG03438	SL56	female	child
HG03439	SL46	male	father
HG03442	HG03442	male	unrel
HG03445	HG03445	male	unrels
HG03446	HG03446	female	unrels
HG03449	SL49	female	mother
HG03450	SL49	female	child
HG03451	SL50	male	father
HG03452	SL50	female	mother
HG03453	SL50	female	child
HG03454	SL51	male	father
HG03455	SL51	female	mother
HG03456	SL51	male	child
HG03457	HG03457	male	unrel
HG03458	SL52	female	mother
HG03459	SL52	male	child
HG03460	HG03460	male	unrels
HG03461	HG03461	female	unrels
HG03462	HG03462	male	unrel
HG03464	SL54	female	mother
HG03465	SL54	male	child
HG03466	SL50i	male	paternal father
HG03468	SL50i	male	paternal brother
HG03469	SL56i	male	father
HG03470	SL56	female	mother
HG03471	SL56i	male	Child2
HG03472	HG03472	male	unrel
HG03473	SL57	female	mother
HG03474	SL57	male	child
HG03476	SL58	female	mother
HG03477	SL58	male	child
HG03478	SL59	male	father
HG03479	SL59	female	mother
HG03480	SL59	female	child
HG03484	SL61	male	father
HG03485	SL61	female	mother
HG03486	SL61	female	child
HG03487	PK42	male	father
HG03488	PK42	female	mother
HG03489	PK42	male	child
HG03490	PK43	male	father
HG03491	PK43	female	mother
HG03492	PK43	male	child
HG03493	NG100	female	mother
HG03499	NG102	female	null
HG03508	NG105	female	mother
HG03510	NG105	female	child
HG03511	NG106	female	mother
HG03513	NG106	male	child
HG03514	NG107	female	mother
HG03515	NG107	male	father
HG03516	NG107	female	child
HG03517	NG108	female	mother
HG03518	NG108	male	father
HG03519	NG108	male	child
HG03520	NG109	female	mother
HG03521	NG109	male	father
HG03522	NG109	female	child
HG03538	GB125	male	father
HG03539	GB125	female	mother
HG03540	GB125	female	child
HG03547	HG03547	male	unrels
HG03548	HG03548	female	unrels
HG03549	HG03549	female	unrel
HG03556	HG03556	male	unrels
HG03557	HG03557	female	unrels
HG03558	HG03558	female	unrel
HG03559	SL66	male	father
HG03563	SL67	female	mother
HG03564	SL67	female	child
HG03565	HG03565	male	unrel
HG03566	HG03566	female	unrel
HG03567	HG03567	female	unrel
HG03569	SL69	female	mother
HG03571	SL70	male	father
HG03572	SL70	female	mother
HG03574	SL71	male	father
HG03575	SL71	female	mother
HG03576	SL71	female	child
HG03577	SL72	male	father
HG03578	SL72	female	mother
HG03579	SL72	male	child
HG03582	SL73	male	father
HG03583	SL73	female	mother
HG03584	SL73	female	child
HG03585	BD4	male	father
HG03587	BD4	female	child
HG03589	BD05	female	mother
HG03590	BD05	male	child
HG03593	BD6	male	child
HG03594	BD7	male	father
HG03595	BD7	female	mother
HG03596	BD7	male	child
HG03598	BD8	female	mother
HG03599	BD8	female	child
HG03600	BD09	male	father
HG03602	BD09	male	child
HG03603	BD10	male	father
HG03604	BD10	female	mother
HG03605	BD11	female	child
HG03606	BD11	male	father
HG03607	BD11	female	mother
HG03611	BD12	female	child
HG03615	BD14	male	father
HG03616	BD14	female	mother
HG03617	BD14	female	child
HG03618	PK44	male	father
HG03619	PK44	female	mother
HG03620	PK44	female	child
HG03621	PK45	male	father
HG03624	PK46	male	father
HG03625	PK46	female	mother
HG03626	PK46	female	child
HG03629	PK47	male	child
HG03631	PK48	female	mother
HG03633	PK49	male	father
HG03634	PK49	female	mother
HG03635	PK49	female	child
HG03636	PK50	male	father
HG03638	PK50	female	child
HG03639	PK51	male	father
HG03640	PK51	female	mother
HG03641	PK51	male	child
HG03642	ST006	female	mother
HG03643	ST004	female	mother
HG03644	ST004	male	father
HG03645	ST002	female	mother
HG03646	ST001	male	father
HG03649	PK52	male	father
HG03650	PK52	female	mother
HG03651	PK52	male	child
HG03652	PK53	male	father
HG03653	PK53	female	mother
HG03654	PK53	male	child
HG03656	PK54	female	mother
HG03657	PK54	male	child
HG03660	PK55	male	child
HG03663	PK56	male	child
HG03667	PK58	male	father
HG03668	PK58	female	mother
HG03669	PK58	female	child
HG03672	ST008	male	husband of Child
HG03673	ST010	female	mother
HG03679	ST006	male	father
HG03680	ST009	male	father
HG03681	ST011	male	father
HG03682	ST012	male	father
HG03683	ST012	female	child
HG03684	ST012	female	mother
HG03685	ST013	male	father
HG03686	ST014	male	father
HG03687	ST015	male	father
HG03688	ST016	male	child
HG03689	ST017	female	mother
HG03690	ST018	female	mother
HG03691	ST019	male	father
HG03692	ST020	female	mother
HG03693	ST021	male	father
HG03694	ST022	male	father
HG03695	ST023	male	father
HG03696	ST024	male	father
HG03697	ST025	male	father
HG03698	ST026	female	mother
HG03699	PK59	male	father
HG03700	PK59	female	mother
HG03701	PK59	male	child
HG03702	PK60	male	father
HG03703	PK60	female	mother
HG03704	PK60	female	child
HG03705	PK61	male	father
HG03706	PK61	female	mother
HG03707	PK61	male	child
HG03708	PK62	male	father
HG03709	PK62	female	mother
HG03710	PK62	male	child
HG03711	ST027	male	father
HG03713	IT001	male	father
HG03714	IT009	female	mother
HG03715	IT001	male	child
HG03716	IT009	male	father
HG03717	IT010	female	mother
HG03718	IT010	male	father
HG03719	IT002	female	child
HG03720	IT052	male	father
HG03721	IT003	female	mother
HG03722	IT002	female	mother
HG03723	IT012	female	mother
HG03725	IT002	male	father
HG03727	IT003	male	father
HG03729	IT013	male	father
HG03730	IT011	female	mother
HG03731	IT013	female	mother
HG03732	IT003	male	child
HG03733	ST041	female	child
HG03736	ST043	female	mother
HG03738	ST044	male	father
HG03740	ST038	male	father
HG03741	ST038	female	mother
HG03742	IT015	male	father
HG03743	ST046	male	father
HG03744	ST047	male	father
HG03745	ST049	male	father
HG03746	ST050	male	father
HG03750	ST051	male	father
HG03752	ST053	female	mother
HG03753	ST054	male	father
HG03754	ST051	female	mother
HG03755	ST052	male	father
HG03756	ST052	female	mother
HG03757	ST046	female	mother
HG03760	ST058	female	mother
HG03761	PK63	male	father
HG03762	PK63	female	mother
HG03763	PK63	male	child
HG03765	PK64	female	mother
HG03766	PK64	male	child
HG03767	PK65	male	father
HG03769	PK65	male	child
HG03770	IT016	female	mother
HG03771	IT016	male	father
HG03772	IT004	female	mother
HG03773	IT004	male	father
HG03774	IT020	female	mother
HG03775	IT020	male	father
HG03777	IT022	male	father
HG03778	IT21	male	father
HG03779	IT019	male	father
HG03780	IT039	female	mother
HG03781	IT018	female	mother
HG03782	IT029	female	mother
HG03783	IT029	male	child
HG03784	IT023	female	mother
HG03785	IT024	male	father
HG03786	IT023	male	father
HG03787	IT027	female	mother
HG03788	IT028	male	father
HG03789	IT028	female	mother
HG03790	IT025	male	father
HG03792	IT026	male	father
HG03793	BD15	female	mother
HG03794	BD15	male	father
HG03795	BD15	male	child
HG03796	BD16	female	mother
HG03797	BD16	male	father
HG03798	BD16	male	child
HG03799	BD17	female	mother
HG03800	BD17	male	father
HG03801	BD17	female	child
HG03802	BD18	female	mother
HG03803	BD18	male	father
HG03804	BD18	female	child
HG03805	BD19	female	mother
HG03806	BD19	male	father
HG03807	BD19	female	child
HG03808	BD20	female	mother
HG03809	BD20	male	father
HG03811	BD21	female	mother
HG03812	HG03812	male	unrel
HG03813	BD21	female	child
HG03814	BD22	female	mother
HG03815	BD22	male	father
HG03816	BD22	female	child
HG03817	BD23	female	mother
HG03821	BD24	male	father
HG03822	BD24	male	child
HG03823	BD25	female	mother
HG03824	BD25	male	father
HG03825	BD25	female	child
HG03826	BD26	female	mother
HG03829	BD27	female	mother
HG03830	BD27	male	father
HG03831	BD27	female	child
HG03832	BD28	female	mother
HG03833	BD28	male	father
HG03834	BD28	female	child
HG03835	ST024	female	Child2
HG03836	ST074	female	mother
HG03837	ST079	male	father
HG03838	ST078	female	mother
HG03840	ST024	male	child
HG03842	ST075	female	mother
HG03844	ST075	male	father
HG03845	ST081	male	father
HG03846	ST080	male	child
HG03847	ST083	male	father
HG03848	ST084	male	father
HG03849	ST082	female	mother
HG03850	ST082	male	father
HG03851	ST089	male	father
HG03854	ST094	male	father
HG03856	ST092	male	father
HG03857	ST091	female	mother
HG03858	ST090	female	mother
HG03861	IT032	female	mother
HG03862	IT035	female	mother
HG03863	IT033	female	mother
HG03864	IT034	male	father
HG03866	IT030	male	father
HG03867	IT038	male	father
HG03868	IT5	female	child
HG03869	IT035	male	father
HG03870	IT037	male	father
HG03871	HG03871	male	unrel
HG03872	IT036	male	father
HG03873	IT030	female	mother
HG03874	IT006	female	mother
HG03875	IT40	male	father
HG03876	IT006	male	child
HG03879	IT006	male	Child2
HG03882	IT039a	female	wife of child
HG03884	ST039	female	mother
HG03885	ST016	male	father
HG03886	ST016	female	mother
HG03887	ST106	male	father
HG03888	ST050	female	mother
HG03890	ST110	male	father
HG03894	ST111	female	mother
HG03895	ST107	female	mother
HG03896	ST111	male	father
HG03897	ST115	female	mother
HG03898	ST114	female	mother
HG03899	ST114	male	father
HG03900	ST115	male	father
HG03901	BD29	female	mother
HG03902	HG03902	male	unrel
HG03903	BD29	female	child
HG03904	BD30	female	mother
HG03905	BD30	male	father
HG03906	BD30	male	child
HG03907	BD31	female	mother
HG03908	BD31	male	father
HG03909	BD31	male	child
HG03910	BD32	female	mother
HG03911	BD32	male	father
HG03913	BD33	female	mother
HG03914	BD33	male	father
HG03915	BD33	female	child
HG03916	HG03916	female	unrel
HG03917	BD34	male	father
HG03919	BD35	female	mother
HG03920	BD35	male	father
HG03922	BD36	female	mother
HG03924	BD36	female	child
HG03925	BD37	female	mother
HG03926	BD37	male	father
HG03927	BD37	female	child
HG03928	BD38	female	mother
HG03929	BD38	male	father
HG03930	BD38	female	child
HG03931	BD39	female	mother
HG03934	BD40	female	mother
HG03937	BD41	female	mother
HG03939	BD41	female	child
HG03940	BD42	female	mother
HG03941	BD42	male	father
HG03942	BD42	male	child
HG03943	ST116	male	father
HG03944	ST116	female	mother
HG03945	ST117	female	mother
HG03947	ST118	female	mother
HG03948	ST010	female	Child2
HG03949	ST123	female	mother
HG03950	ST090	male	father
HG03951	ST013	female	mother
HG03953	ST122	male	father
HG03955	ST119	female	mother
HG03960	IT044	male	father
HG03963	IT042	male	father
HG03965	IT45	male	father
HG03967	IT51	male	null
HG03968	IT046	female	mother
HG03969	IT046	male	father
HG03971	IT048	male	father
HG03972	IT049	female	mother
HG03973	IT050	female	mother
HG03974	IT049	male	father
HG03976	IT050	male	father
HG03977	IT047	female	mother
HG03978	IT047	male	father
HG03982	ST091	male	father
HG03985	ST144	male	father
HG03986	ST106	female	mother
HG03988	ST145	male	father
HG03989	ST145	female	mother
HG03990	ST142	male	father
HG03991	ST143	male	father
HG03992	ST116	male	child
HG03995	ST021	female	mother
HG03998	ST147	male	father
HG03999	ST007	male	child
HG04001	IT053	female	mother
HG04002	IT053	male	father
HG04003	ST152	male	father
HG04006	ST078	male	father
HG04014	IT059	female	mother
HG04015	IT060	male	father
HG04017	IT061	male	father
HG04018	IT007	female	mother
HG04019	IT056	male	father
HG04020	IT059	male	father
HG04022	IT062	male	father
HG04023	IT058	male	father
HG04024	IT056	female	mother
HG04025	IT058	female	mother
HG04026	IT061	female	mother
HG04029	ST154	female	mother
HG04033	ST076	male	father
HG04035	ST094	female	mother
HG04036	ST116	female	Child2
HG04037	ST169	female	mother
HG04038	ST170	female	mother
HG04039	ST172	male	father
HG04040	ST010	male	child
HG04042	ST171	female	mother
HG04047	ST173	female	mother
HG04050	IT177	female	mother
HG04053	IT178	male	father
HG04054	IT180	female	mother
HG04055	IT179	male	father
HG04056	IT180	male	father
HG04058	IT184	male	father
HG04059	IT184	female	mother
HG04060	IT183	male	father
HG04061	IT182	male	father
HG04062	IT182	female	mother
HG04063	IT183	female	mother
HG04067	ST116	female	maternal grandmother
HG04070	IT45	female	mother
HG04075	ST190	female	mother
HG04076	IT191	female	mother
HG04080	IT194	male	father
HG04090	IT199	female	mother
HG04093	IT199	male	father
HG04094	IT201	male	father
HG04096	IT202	male	father
HG04098	IT205	male	father
HG04099	ST203	female	mother
HG04100	ST203	male	father
HG04106	ST176	female	mother
HG04107	ST176	male	father
HG04114	ST120	male	child
HG04115	ST111	male	child
HG04118	IT214	female	mother
HG04122	ST190	male	child
HG04127	ST190	male	father
HG04128	BD43	male	father
HG04131	BD44	male	father
HG04132	BD44	female	mother
HG04133	BD44	female	child
HG04134	BD45	male	father
HG04135	BD45	female	mother
HG04136	BD45	female	child
HG04140	BD47	male	father
HG04141	BD47	female	mother
HG04142	BD47	female	child
HG04144	BD48	female	mother
HG04146	BD49	male	father
HG04147	BD49	female	mother
HG04148	BD49	female	child
HG04149	BD50	male	father
HG04150	BD50	female	mother
HG04151	BD50	female	child
HG04152	BD51	male	father
HG04153	BD51	female	mother
HG04155	BD52	male	father
HG04156	BD52	female	mother
HG04157	BD52	male	child
HG04158	BD53	male	father
HG04159	BD53	female	mother
HG04160	BD53	male	child
HG04161	BD54	male	father
HG04162	BD54	female	mother
HG04164	BD55	male	father
HG04171	BD57	female	mother
HG04173	BD58	male	father
HG04174	BD58	female	mother
HG04175	BD58	female	child
HG04176	BD59	male	father
HG04177	BD59	female	mother
HG04180	BD60	female	mother
HG04181	BD60	female	child
HG04182	BD61	male	father
HG04183	BD61	female	mother
HG04184	BD61	female	child
HG04185	BD62	male	father
HG04186	BD62	female	mother
HG04187	BD62	male	child
HG04188	BD63	male	father
HG04189	BD63	female	mother
HG04191	BD64	male	father
HG04192	BD64	female	mother
HG04193	BD64	male	child
HG04194	BD65	male	father
HG04195	BD65	female	mother
HG04197	ST154	female	child
HG04198	IT220	male	father
HG04199	ST203	male	child
HG04200	IT220	female	mother
HG04202	IT222	female	mother
HG04204	ST006	male	child
HG04206	HG04206	male	unrel
HG04208	ST186	female	child
HG04209	IT217	female	mother
HG04210	ST186	male	father
HG04211	IT223	male	father
HG04212	IT223	female	mother
HG04214	IT226	female	mother
HG04215	ST006	male	Child2
HG04216	IT227	female	mother
HG04217	IT220	female	child
HG04219	IT228	male	child
HG04222	IT225	male	father
HG04225	IT231	male	father
HG04227	ST232	female	mother
HG04228	ST232	male	child
HG04229	ST232	male	father
HG04235	IT237	male	father
HG04238	IT240	male	father
HG04239	HG04239	male	unrel
HG04301	HG04301	female	null
HG04302	HG04302	male	null
HG04303	HG04303	female	null
NA06984	1328	male	father
NA06985	1341	female	mat grandmother
NA06986	13291	male	mat grandfather
NA06989	1328	female	mother
NA06991	1341	female	mother
NA06993	1341	male	mat grandfather
NA06994	1340	male	pat grandfather
NA06995	13291	male	father
NA06997	13291	female	mother
NA07000	1340	female	pat grandmother
NA07014	13292	female	mother
NA07019	1340	female	mother
NA07022	1340	male	mat grandfather
NA07029	1340	male	father
NA07031	13292	female	mat grandmother
NA07034	1341	male	pat grandfather
NA07037	13291	female	pat grandmother
NA07045	13291	female	mat grandmother
NA07048	1341	male	father
NA07051	13292	male	mat grandfather
NA07055	1341	female	pat grandmother
NA07056	1340	female	mat grandmother
NA07340	1331	female	pat grandmother
NA07345	1345	female	mat grandmother
NA07346	1345	female	pat grandmother
NA07347	1345	male	pat grandfather
NA07348	1345	female	mother
NA07349	1345	male	father
NA07357	1345	male	mat grandfather
NA07435	13291	male	pat grandfather
NA10830	1408	male	father
NA10831	1408	female	mother
NA10835	1416	male	father
NA10836	1418	female	mother
NA10837	1418	male	father
NA10838	1420	male	father
NA10839	1420	female	mother
NA10840	1421	female	mother
NA10842	1423	male	father
NA10843	1423	female	mother
NA10845	1424	male	father
NA10846	1334	male	father
NA10847	1334	female	mother
NA10850	1344	female	mother
NA10851	1344	male	father
NA10852	1346	female	mother
NA10853	1349	male	father
NA10854	1349	female	mother
NA10855	1350	female	mother
NA10856	1350	male	father
NA10857	1346	male	father
NA10859	1347	female	mother
NA10860	1362	male	father
NA10861	1362	female	mother
NA10863	1375	female	mother
NA10864	1377	female	mother
NA10865	1377	male	father
NA11829	1350	male	pat grandfather
NA11830	1350	female	pat grandmother
NA11831	1350	male	mat grandfather
NA11832	1350	female	mat grandmother
NA11839	1349	male	mat grandfather
NA11840	1349	female	mat grandmother
NA11843	1349	male	pat grandfather
NA11881	1347	male	mat grandfather
NA11882	1347	female	mat grandmother
NA11891	1377	male	pat grandfather
NA11892	1377	female	pat grandmother
NA11893	1377	male	mat grandfather
NA11894	1377	female	mat grandmother
NA11917	1423	male	pat grandfather
NA11918	1423	female	pat grandmother
NA11919	1423	male	mat grandfather
NA11920	1423	female	mat grandmother
NA11930	1424	male	pat grandfather
NA11931	1424	female	pat grandmother
NA11932	1424a	male	mat grandfather
NA11933	1424a	female	mat grandmother
NA11992	1362	male	pat grandfather
NA11993	1362	female	pat grandmother
NA11994	1362	male	mat grandfather
NA11995	1362	female	mat grandmother
NA12003	1420	male	pat grandfather
NA12004	1420	female	pat grandmother
NA12005	1420	male	mat grandfather
NA12006	1420	female	mat grandmother
NA12043	1346	male	pat grandfather
NA12044	1346	female	pat grandmother
NA12045	1346	male	mat grandfather
NA12046	1346	female	mat grandmother
NA12056	1344	male	pat grandfather
NA12057	1344	female	pat grandmother
NA12058	1344	female	mat grandmother
NA12144	1334	male	pat grandfather
NA12145	1334	female	pat grandmother
NA12146	1334	male	mat grandfather
NA12154	1408	male	pat grandfather
NA12155	1408	male	mat grandfather
NA12156	1408	female	mat grandmother
NA12234	1375	female	mat grandmother
NA12239	1334	female	mat grandmother
NA12248	1416	male	pat grandfather
NA12249	1416	female	pat grandmother
NA12264	1375	male	mat grandfather
NA12272	1418	male	pat grandfather
NA12273	1418	female	pat grandmother
NA12274	1418	male	mat grandfather
NA12275	1418	female	mat grandmother
NA12282	1421a	male	pat grandfather
NA12283	1421a	female	pat grandmother
NA12286	1421	male	mat grandfather
NA12287	1421	female	mat grandmother
NA12329	1328	female	daughter
NA12335	1330	male	father
NA12336	1330	female	mother
NA12340	1330	male	pat grandfather
NA12341	1330	female	pat grandmother
NA12342	1330	male	mat grandfather
NA12343	1330	female	mat grandmother
NA12344	13281	male	father
NA12347	13281	male	pat grandfather
NA12348	13281	female	pat grandmother
NA12375	1353	male	father
NA12376	1353	female	mother
NA12383	1353	female	pat grandmother
NA12386	1354	female	mother
NA12399	1354	male	mat grandfather
NA12400	1354	female	mat grandmother
NA12413	1355	male	pat grandfather
NA12414	1355	female	pat grandmother
NA12485	1355	male	father
NA12489	1353	female	mat grandmother
NA12546	1353	male	mat grandfather
NA12707	1358	male	father
NA12708	1358	female	mother
NA12716	1358	male	pat grandfather
NA12717	1358	female	pat grandmother
NA12718	1358	female	mat grandmother
NA12739	1444	male	father
NA12740	1444	female	mother
NA12748	1444	male	pat grandfather
NA12749	1444	female	pat grandmother
NA12750	1444	male	mat grandfather
NA12751	1444	female	mat grandmother
NA12752	1447	male	father
NA12753	1447	female	mother
NA12760	1447	male	pat grandfather
NA12761	1447	female	pat grandmother
NA12762	1447	male	mat grandfather
NA12763	1447	female	mat grandmother
NA12766	1451	male	father
NA12767	1451	female	mother
NA12775	1451	male	pat grandfather
NA12776	1451	female	pat grandmother
NA12777	1451	male	mat grandfather
NA12778	1451	female	mat grandmother
NA12801	1454	male	father
NA12802	1454	female	mother
NA12812	1454	male	pat grandfather
NA12813	1454	female	pat grandmother
NA12814	1454	male	mat grandfather
NA12815	1454	female	mat grandmother
NA12817	1456	male	father
NA12818	1456	female	mother
NA12827	1456	male	pat grandfather
NA12828	1456	female	pat grandmother
NA12829	1456	male	mat grandfather
NA12830	1456	female	mat grandmother
NA12832	1458	female	mother
NA12842	1458	male	mat grandfather
NA12843	1458	female	mat grandmother
NA12864	1459	male	father
NA12865	1459	female	mother
NA12872	1459	male	pat grandfather
NA12873	1459	female	pat grandmother
NA12874	1459	male	mat grandfather
NA12875	1459	female	mat grandmother
NA12877	1463	male	father; child
NA12878	1463	female	mother; child
NA12889	1463	male	pat grandfather; father
NA12890	1463	female	pat grandmother; mother
NA12891	1463	male	mat grandfather; father
NA12892	1463	female	mat grandmother; mother
NA18484	Y001	female	child
NA18485	Y002	male	child
NA18486	Y001	male	father
NA18487	Y002	male	father
NA18488	Y001	female	mother
NA18489	Y002	female	mother
NA18497	Y003	male	child
NA18498	Y003	male	father
NA18499	Y003	female	mother
NA18500	Y004	male	child
NA18501	Y004	male	father
NA18502	Y004	female	mother
NA18503	Y005	male	child
NA18504	Y005	male	father
NA18505	Y005	female	mother
NA18506	Y009	male	child
NA18507	Y009	male	father
NA18508	Y009	female	mother
NA18509	Y010	male	child
NA18510	Y010a	male	not father
NA18511	Y010	female	mother
NA18515	Y013	male	child
NA18516	Y013	male	father
NA18517	Y013	female	mother
NA18518	Y014	female	child
NA18519	Y014	male	father
NA18520	Y014	female	mother
NA18521	Y016	male	child
NA18522	Y016	male	father
NA18523	Y016	female	mother
NA18525	NA18525	female	null
NA18526	NA18526	female	null
NA18527	NA18527	female	null
NA18528	NA18528	female	null
NA18530	NA18530	male	null
NA18531	NA18531	female	null
NA18532	NA18532	female	null
NA18533	NA18533	female	null
NA18534	NA18534	male	null
NA18535	NA18535	female	null
NA18536	NA18536	male	null
NA18537	NA18537	female	null
NA18538	NA18538	female	null
NA18539	NA18539	female	null
NA18541	NA18541	female	null
NA18542	NA18542	female	null
NA18543	NA18543	male	null
NA18544	NA18544	male	null
NA18545	NA18545	female	null
NA18546	NA18546	male	null
NA18547	NA18547	female	null
NA18548	NA18548	male	null
NA18549	NA18549	male	null
NA18550	NA18550	female	null
NA18552	NA18552	female	null
NA18553	NA18553	female	null
NA18555	NA18555	female	null
NA18557	NA18557	male	null
NA18558	NA18558	male	null
NA18559	NA18559	male	null
NA18560	NA18560	female	null
NA18561	NA18561	male	null
NA18562	NA18562	male	null
NA18563	NA18563	male	null
NA18564	NA18564	female	null
NA18565	NA18565	female	null
NA18566	NA18566	female	null
NA18567	NA18567	female	null
NA18570	NA18570	female	null
NA18571	NA18571	female	null
NA18572	NA18572	male	null
NA18573	NA18573	female	null
NA18574	NA18574	female	null
NA18576	NA18576	female	null
NA18577	NA18577	female	null
NA18579	NA18579	female	null
NA18582	NA18582	female	null
NA18591	NA18591	female	unrel
NA18592	NA18592	female	null
NA18593	NA18593	female	null
NA18595	NA18595	female	null
NA18596	NA18596	female	null
NA18597	NA18597	female	null
NA18599	NA18599	female	null
NA18602	NA18602	female	null
NA18603	NA18603	male	null
NA18605	NA18605	male	null
NA18606	NA18606	male	null
NA18608	NA18608	male	null
NA18609	NA18609	male	null
NA18610	NA18610	female	null
NA18611	NA18611	male	null
NA18612	NA18612	male	null
NA18613	NA18613	male	null
NA18614	NA18614	female	null
NA18615	NA18615	female	null
NA18616	NA18616	female	null
NA18617	NA18617	female	null
NA18618	NA18618	female	null
NA18619	NA18619	female	null
NA18620	NA18620	male	null
NA18621	NA18621	male	null
NA18622	NA18622	male	null
NA18623	NA18623	male	null
NA18624	NA18624	male	null
NA18625	NA18625	female	null
NA18626	NA18626	female	null
NA18627	NA18627	female	null
NA18628	NA18628	female	null
NA18629	NA18629	male	unrel
NA18630	NA18630	female	null
NA18631	NA18631	female	null
NA18632	NA18632	male	null
NA18633	NA18633	male	null
NA18634	NA18634	female	null
NA18635	NA18635	male	null
NA18636	NA18636	male	null
NA18637	NA18637	male	null
NA18638	NA18638	male	null
NA18639	NA18639	male	null
NA18640	NA18640	female	null
NA18641	NA18641	female	null
NA18642	NA18642	female	null
NA18643	NA18643	male	null
NA18644	NA18644	female	unrel
NA18645	NA18645	male	null
NA18646	NA18646	female	unrel
NA18647	NA18647	male	null
NA18648	NA18648	male	unrel
NA18740	NA18740	male	null
NA18745	NA18745	male	null
NA18747	NA18747	male	null
NA18748	NA18748	male	null
NA18749	NA18749	male	null
NA18757	NA18757	male	null
NA18791	NA18791	male	unrel
NA18794	NA18794	male	unrel
NA18795	NA18795	female	unrel
NA18852	Y018	female	mother
NA18853	Y018	male	father
NA18854	Y018	male	child
NA18855	Y023	female	mother
NA18856	Y023	male	father
NA18857	Y023	male	child
NA18858	Y012	female	mother
NA18859	Y012	male	father
NA18860	Y012	male	child
NA18861	Y024	female	mother
NA18862	Y024	male	father
NA18863	Y024	male	child
NA18864	Y026	female	mother
NA18865	Y026	male	father
NA18867	Y007	female	mother
NA18868	Y007	male	father
NA18869	Y007	male	child
NA18870	Y017	female	mother
NA18871	Y017	male	father
NA18872	Y017	male	child
NA18873	Y019	female	mother
NA18874	Y019	male	father
NA18875	Y019	female	child
NA18876	Y020	female	mother
NA18877	Y020	male	father
NA18878	Y021	female	mother
NA18879	Y021	male	father
NA18881	Y022	female	mother
NA18906	Y020	female	child
NA18907	Y025	female	mother
NA18908	Y025a	male	not father
NA18909	Y027	female	mother
NA18910	Y027	male	father
NA18911	Y027	male	child
NA18912	Y028	female	mother
NA18913	Y028	male	father
NA18914	Y028	male	child
NA18915	Y029	male	father
NA18916	Y030	female	mother
NA18917	Y030	male	father
NA18923	Y033	male	father
NA18924	Y033	female	mother
NA18925	Y033	male	child
NA18930	Y030	female	child
NA18933	Y036	female	mother
NA18934	Y036	male	father
NA18935	Y036	male	child
NA18939	NA18939	female	null
NA18940	NA18940	male	null
NA18941	NA18941	female	null
NA18942	NA18942	female	null
NA18943	NA18943	male	null
NA18944	NA18944	male	null
NA18945	NA18945	male	null
NA18946	NA18946	female	null
NA18947	NA18947	female	null
NA18948	NA18948	male	null
NA18949	NA18949	female	null
NA18950	NA18950	female	null
NA18951	NA18951	female	null
NA18952	NA18952	male	null
NA18953	NA18953	male	null
NA18954	NA18954	female	null
NA18955	NA18955	male	null
NA18956	NA18956	female	null
NA18957	NA18957	female	null
NA18959	NA18959	male	null
NA18960	NA18960	male	null
NA18961	NA18961	male	null
NA18962	NA18962	male	null
NA18963	NA18963	female	null
NA18964	NA18964	female	null
NA18965	NA18965	male	null
NA18966	NA18966	male	null
NA18967	NA18967	male	null
NA18968	NA18968	female	null
NA18969	NA18969	female	null
NA18970	NA18970	male	null
NA18971	NA18971	male	null
NA18972	NA18972	female	null
NA18973	NA18973	female	null
NA18974	NA18974	male	null
NA18975	NA18975	female	null
NA18976	NA18976	female	null
NA18977	NA18977	male	null
NA18978	NA18978	female	null
NA18979	NA18979	female	null
NA18980	NA18980	female	null
NA18981	NA18981	female	null
NA18982	NA18982	male	null
NA18983	NA18983	male	null
NA18984	NA18984	male	null
NA18985	NA18985	male	null
NA18986	NA18986	male	null
NA18987	NA18987	female	null
NA18988	NA18988	male	null
NA18989	NA18989	male	null
NA18990	NA18990	male	null
NA18991	NA18991	female	null
NA18992	NA18992	female	null
NA18993	NA18993	female	null
NA18994	NA18994	male	null
NA18995	NA18995	male	null
NA18997	NA18997	female	null
NA18998	NA18998	female	null
NA18999	NA18999	female	null
NA19000	NA19000	male	null
NA19001	NA19001	female	null
NA19002	NA19002	female	null
NA19003	NA19003	female	null
NA19004	NA19004	male	null
NA19005	NA19005	male	null
NA19006	NA19006	male	unrel
NA19007	NA19007	male	null
NA19009	NA19009	male	null
NA19010	NA19010	female	null
NA19011	NA19011	female	unrel
NA19012	NA19012	male	null
NA19017	NA19017	female	unrel
NA19019	NA19019	female	unrel
NA19020	NA19020	male	null
NA19023	NA19023	female	unrel
NA19024	NA19024	female	unrel
NA19025	NA19025	male	unrel
NA19026	NA19026	male	unrel
NA19027	NA19027	male	null
NA19028	NA19028	male	null
NA19030	NA19030	female	unrel
NA19031	NA19031	male	null
NA19035	NA19035	male	null
NA19036	NA19036	female	null
NA19037	NA19037	female	unrel
NA19038	NA19038	female	null
NA19041	NA19041	male	null
NA19042	NA19042	female	unrel
NA19043	NA19043	male	unrel
NA19044	NA19044	male	null
NA19046	NA19046	male	null
NA19054	NA19054	female	null
NA19055	NA19055	male	null
NA19056	NA19056	male	null
NA19057	NA19057	female	null
NA19058	NA19058	male	null
NA19059	NA19059	female	null
NA19060	NA19060	male	null
NA19062	NA19062	male	null
NA19063	NA19063	male	null
NA19064	NA19064	female	null
NA19065	NA19065	female	null
NA19066	NA19066	male	null
NA19067	NA19067	male	null
NA19068	NA19068	male	null
NA19070	NA19070	male	null
NA19072	NA19072	male	null
NA19074	NA19074	female	null
NA19075	NA19075	male	null
NA19076	NA19076	male	null
NA19077	NA19077	female	null
NA19078	NA19078	female	null
NA19079	NA19079	male	null
NA19080	NA19080	female	null
NA19081	NA19081	female	null
NA19082	NA19082	male	null
NA19083	NA19083	male	null
NA19084	NA19084	female	null
NA19085	NA19085	male	null
NA19086	NA19086	male	null
NA19087	NA19087	female	null
NA19088	NA19088	male	null
NA19089	NA19089	male	unrel
NA19090	NA19090	female	unrel
NA19091	NA19091	male	unrel
NA19092	Y040	male	father
NA19093	Y040	female	mother
NA19094	Y040	female	child
NA19095	Y041	female	mother
NA19096	Y041	male	father
NA19097	Y041	female	child
NA19098	Y105	male	father
NA19099	Y105	female	mother
NA19100	Y105	female	child
NA19101	Y042	male	father
NA19102	Y042	female	mother
NA19103	Y042	male	child
NA19104	Y080	male	father
NA19105	Y080	female	paternal grandmother
NA19107	Y006	male	father
NA19108	Y006	female	mother
NA19109	Y006	female	child
NA19113	Y079	male	father
NA19114	Y079	female	mother
NA19115	Y079	female	child
NA19116	Y060	female	mother
NA19117	Y100	male	father
NA19118	Y100	female	mother
NA19119	Y060	male	father
NA19120	Y060	male	child
NA19121	Y061	male	father
NA19122	Y061	female	mother
NA19123	Y061	male	child
NA19127	Y077	female	mother
NA19128	Y077	male	father
NA19129	Y077	female	child
NA19130	Y101	male	father
NA19131	Y101	female	mother
NA19132	Y101	female	child
NA19137	Y043	female	mother
NA19138	Y043	male	father
NA19139	Y043	male	child
NA19140	Y071	female	mother
NA19141	Y071	male	father
NA19142	Y071	male	child
NA19143	Y074	female	mother
NA19144	Y074	male	father
NA19145	Y074	male	child
NA19146	Y075	male	father
NA19147	Y075	female	mother
NA19148	Y075	female	child
NA19149	Y073	female	mother
NA19150	Y073	male	father
NA19151	Y073	female	child
NA19152	Y072	female	mother
NA19153	Y072	male	father
NA19154	Y072	male	child
NA19159	Y056	female	mother
NA19160	Y056	male	father
NA19161	Y056	male	child
NA19166	Y049	female	mother
NA19171	Y047	male	father
NA19172	Y047	female	mother
NA19173	Y047	male	child
NA19174	Y100	male	child
NA19175	Y044	male	father
NA19176	Y044	female	mother
NA19177	Y044	male	child
NA19184	Y039	male	father
NA19185	Y039	female	mother
NA19186	Y039	male	child
NA19189	Y111	male	father
NA19190	Y111	female	mother
NA19191	Y111	male	child
NA19195	Y108	male	father
NA19196	Y108	female	mother
NA19197	Y035	female	mother
NA19198	Y035	male	father
NA19199	Y035	female	child
NA19200	Y045	male	father
NA19201	Y045	female	mother
NA19202	Y045	female	child
NA19203	Y048	male	father
NA19204	Y048	female	mother
NA19205	Y048	male	child
NA19206	Y051	female	mother
NA19207	Y051	male	father
NA19208	Y051	male	child
NA19209	Y050	female	mother
NA19210	Y050	male	father
NA19211	Y050	male	child
NA19213	Y110	male	father
NA19214	Y110	female	mother
NA19215	Y110	female	child
NA19221	Y058	female	child
NA19222	Y058	female	mother
NA19223	Y058	male	father
NA19224	Y057	male	child
NA19225	Y057	female	mother
NA19226	Y057	male	father
NA19235	Y116	female	mother
NA19236	Y116	male	father
NA19237	Y116	female	child
NA19238	Y117	female	mother
NA19239	Y117	male	father
NA19240	Y117	female	child
NA19247	Y120	female	mother
NA19248	Y120	male	father
NA19249	Y120	male	child
NA19252	Y025	male	child
NA19254	Y062	female	mother
NA19256	Y092	male	father
NA19257	Y092	female	mother
NA19258	Y092	male	child
NA19307	NA19307	male	null
NA19308	NA19308	male	null
NA19309	NA19309	male	null
NA19310	NA19310	female	null
NA19311	NA19311	male	null
NA19312	NA19312	male	null
NA19313	LWK001	female	null
NA19314	NA19314	female	null
NA19315	NA19315	female	null
NA19316	NA19316	female	null
NA19317	NA19317	male	null
NA19318	NA19318	male	null
NA19319	NA19319	male	null
NA19320	NA19320	female	unrel
NA19321	NA19321	female	null
NA19323	NA19323	female	unrel
NA19324	NA19324	female	null
NA19327	NA19327	female	null
NA19328	NA19328	female	null
NA19331	LWK001	male	null
NA19332	NA19332	female	null
NA19334	NA19334	male	null
NA19338	NA19338	female	null
NA19346	NA19346	male	null
NA19347	NA19347	male	null
NA19350	NA19350	male	null
NA19351	NA19351	female	null
NA19352	NA19352	male	null
NA19355	NA19355	female	null
NA19359	NA19359	male	null
NA19360	NA19360	male	null
NA19371	NA19371	male	null
NA19372	NA19372	male	null
NA19373	NA19373	male	null
NA19374	NA19374	male	null
NA19375	NA19375	male	null
NA19376	NA19376	male	null
NA19377	NA19377	female	null
NA19378	NA19378	female	unrel
NA19379	NA19379	female	null
NA19380	NA19380	male	null
NA19381	LWK002	female	null
NA19382	LWK002	male	null
NA19383	NA19383	male	null
NA19384	NA19384	male	null
NA19385	NA19385	male	null
NA19390	NA19390	female	null
NA19391	NA19391	female	null
NA19393	NA19393	male	null
NA19394	NA19394	male	null
NA19395	NA19395	female	null
NA19396	NA19396	female	null
NA19397	NA19397	male	null
NA19398	NA19398	female	null
NA19399	NA19399	female	null
NA19401	NA19401	female	null
NA19403	NA19403	female	null
NA19404	NA19404	female	null
NA19428	NA19428	male	null
NA19429	NA19429	male	null
NA19430	NA19430	male	null
NA19431	NA19431	female	null
NA19432	LWK003	female	null
NA19434	LWK003	female	null
NA19435	NA19435	female	null
NA19436	NA19436	female	null
NA19437	NA19437	female	null
NA19438	NA19438	female	null
NA19439	NA19439	female	null
NA19440	NA19440	female	null
NA19443	NA19443	male	null
NA19444	LWK003	male	null
NA19445	LWK004	female	null
NA19446	NA19446	female	null
NA19448	NA19448	male	null
NA19449	NA19449	female	null
NA19451	NA19451	male	null
NA19452	NA19452	male	null
NA19453	LWK004	male	null
NA19454	NA19454	male	unrel
NA19455	NA19455	male	null
NA19456	NA19456	female	null
NA19457	NA19457	female	null
NA19461	NA19461	male	null
NA19462	NA19462	female	null
NA19463	NA19463	female	null
NA19466	NA19466	male	null
NA19467	NA19467	female	null
NA19468	NA19468	female	null
NA19469	LWK005	female	null
NA19470	LWK005	female	null
NA19471	NA19471	female	null
NA19472	NA19472	female	null
NA19473	NA19473	female	null
NA19474	NA19474	female	null
NA19475	NA19475	female	unrel
NA19625	2357	female	child
NA19648	m001	female	mother
NA19649	m001	male	father
NA19650	m001	male	child
NA19651	m005	female	mother
NA19652	m005	male	father
NA19653	m005	female	child
NA19654	m006	female	mother
NA19655	m006	male	father
NA19656	m006	female	child
NA19657	m007	female	mother
NA19658	m007	male	father
NA19659	m007	female	child
NA19660	m008	female	mother
NA19661	m008	male	father
NA19662	m008	female	child
NA19663	m012	female	mother
NA19664	m012	male	father
NA19665	m012	female	child
NA19669	m002	female	mother
NA19670	m002	male	father
NA19671	m002	female	child
NA19672	2382	female	mother
NA19674	2382	male	child of 19672
NA19675	m004	female	mother
NA19676	m004	male	father
NA19677	m004	female	child
NA19678	m009	female	mother
NA19679	m009	male	father
NA19680	m009	female	child
NA19681	m010	female	mother
NA19682	m010	male	father
NA19683	m010	female	child
NA19684	m011	female	mother
NA19685	m011	male	father
NA19686	m011	female	child
NA19700	2367	male	father
NA19701	2367	female	mother
NA19702	2367	male	child
NA19703	2368	male	father
NA19704	2368	female	mother
NA19705	2368	male	child
NA19707	2369	female	mother
NA19708	2369	female	child
NA19711	2371	male	father
NA19712	2371	female	mother
NA19713	2436	female	mother
NA19714	2437	female	child
NA19716	m014	female	mother
NA19717	m014	male	father
NA19718	m014	female	child
NA19719	m015	female	mother
NA19720	m015	male	father
NA19721	m015	female	child
NA19722	m016	female	mother
NA19723	m016	male	father
NA19724	m016	male	child
NA19725	m017	female	mother
NA19726	m017	male	father
NA19727	m017	male	child
NA19728	m018	female	mother
NA19729	m018	male	father
NA19730	m018	female	child
NA19731	m019	female	mother
NA19732	m019	male	father
NA19733	m019	female	child
NA19734	2393	female	mother
NA19735	2393	male	father
NA19737	2394	female	mother
NA19738	2394	male	father
NA19740	2395	female	mother
NA19741	2395	male	father
NA19742	2395	male	child of 19740
NA19746	m023	female	mother
NA19747	m023	male	father
NA19748	m023	female	child
NA19749	m024	female	mother
NA19750	m024	male	father
NA19751	m024	male	child
NA19752	2401	female	mother
NA19753	2401	male	father
NA19754	2401	female	child of 19752&3
NA19755	m026	female	mother
NA19756	m026	male	father
NA19757	m026	male	child
NA19758	m027	female	mother
NA19759	m027	male	father
NA19760	m027	female	child
NA19761	m028	female	mother
NA19762	m028	male	father
NA19763	m028	female	child
NA19764	2405	female	mother
NA19766	2405	female	child of 19764
NA19770	m031	female	mother
NA19771	m031	male	father
NA19772	m031	male	child
NA19773	m033	female	mother
NA19774	m033	male	father
NA19775	m033	female	child
NA19776	m034	female	mother
NA19777	m034	male	father
NA19778	m034	male	child
NA19779	m035	female	mother
NA19780	m035	male	father
NA19781	m035	female	child
NA19782	m036	female	mother
NA19783	m036	male	father
NA19784	m036	male	child
NA19785	m032	female	mother
NA19786	m032	male	father
NA19787	m032	male	child
NA19788	m037	female	mother
NA19789	m037	male	father
NA19790	m037	female	child
NA19792	2414	male	father
NA19794	m039	female	mother
NA19795	m039	male	father
NA19796	m039	male	child
NA19797	2416	female	mother
NA19798	2416	male	father
NA19818	2418	male	father
NA19819	2418	female	mother
NA19828	2418	male	child
NA19834	2424	male	father
NA19835	2424	female	mother
NA19836	2424	female	child
NA19900	2425	male	father
NA19901	2425	female	mother
NA19902	2425	female	child
NA19904	2426	male	father
NA19905	2426	female	null
NA19908	2427	male	father
NA19909	2427	female	mother
NA19913	2426a	female	null
NA19914	2430	female	mother
NA19915	2430	male	child
NA19916	2431	male	father
NA19917	2431	female	mother
NA19918	2431	male	child
NA19919	2427	male	child
NA19920	2433	male	father
NA19921	2433	female	mother
NA19922	2434	male	father
NA19923	2434	female	mother
NA19924	2434	female	null
NA19982	2436	male	father
NA19983	2436	female	child
NA19984	2437a	male	father
NA19985	2437	female	mother
NA20126	2446	male	father
NA20127	2446	female	mother
NA20128	2446	female	child
NA20129	2433	female	child
NA20274	2357a	female	null
NA20276	2466	female	mother
NA20277	2466	female	child
NA20278	2467	male	father
NA20279	2467	male	child
NA20281	2469a	male	not father
NA20282	2469	female	mother
NA20284	2469	male	child
NA20285	2469	male	child
NA20287	2470	female	mother
NA20288	2470	male	child
NA20289	2471	female	mother
NA20290	2471	female	child
NA20291	2472	male	father
NA20292	2472	female	child
NA20294	2474	female	mother
NA20295	2474	male	child
NA20296	2475	female	mother
NA20297	2475	male	child
NA20298	2476a	male	father
NA20299	2476	female	mother
NA20300	2476	female	child
NA20301	2477	female	mother
NA20302	2477	male	child
NA20312	2478i	female	null
NA20313	2478ii	female	null
NA20314	2479	female	mother
NA20316	2479	male	child
NA20317	2480	female	mother
NA20318	2480a	male	null
NA20319	2480	female	child
NA20320	2481a	female	null
NA20321	2481	female	null
NA20322	2481	female	child
NA20332	2483	female	mother
NA20333	2483	female	child
NA20334	2484	female	mother
NA20335	2484	male	child
NA20336	2485	female	mother
NA20337	2485	female	child
NA20339	2486	female	mother
NA20340	2487	male	father
NA20341	2487	female	mother
NA20342	2488	male	father
NA20343	2488	male	child
NA20344	2489	female	mother
NA20345	2489	male	child
NA20346	2490	male	father
NA20347	2490	male	child
NA20348	2491	male	father
NA20349	2492	male	father
NA20350	2492	male	child
NA20351	2493	male	father
NA20355	2484a	female	null
NA20356	2494	male	father
NA20357	2494	female	mother
NA20358	2494	male	child
NA20359	2495	female	mother
NA20360	2495	male	child
NA20361	2495	female	child
NA20362	2495a	male	null
NA20363	2496	female	mother
NA20364	2496	female	child
NA20412	2505	female	mother
NA20413	2505	male	child
NA20414	2506	female	mother
NA20502	NA20502	female	null
NA20503	NA20503	female	null
NA20504	NA20504	female	null
NA20505	NA20505	female	null
NA20506	NA20506	female	null
NA20507	NA20507	female	null
NA20508	NA20508	female	null
NA20509	NA20509	male	null
NA20510	NA20510	male	null
NA20511	NA20511	male	unrel
NA20512	NA20512	male	null
NA20513	NA20513	male	null
NA20514	NA20514	female	null
NA20515	NA20515	male	null
NA20516	NA20516	male	null
NA20517	NA20517	female	null
NA20518	NA20518	male	null
NA20519	NA20519	male	null
NA20520	NA20520	male	null
NA20521	NA20521	male	null
NA20522	NA20522	female	null
NA20524	NA20524	male	null
NA20525	NA20525	male	null
NA20526	NA20526	female	null
NA20527	NA20527	male	null
NA20528	NA20528	male	null
NA20529	NA20529	female	null
NA20530	NA20530	female	null
NA20531	NA20531	female	null
NA20532	NA20532	male	null
NA20533	NA20533	female	null
NA20534	NA20534	male	null
NA20535	NA20535	female	null
NA20536	NA20536	male	null
NA20537	NA20537	male	null
NA20538	NA20538	male	null
NA20539	NA20539	male	null
NA20540	NA20540	female	null
NA20541	NA20541	female	null
NA20542	NA20542	female	null
NA20543	NA20543	male	null
NA20544	NA20544	male	null
NA20581	NA20581	male	null
NA20582	NA20582	female	null
NA20585	NA20585	female	null
NA20586	NA20586	male	null
NA20587	NA20587	female	unrel
NA20588	NA20588	male	null
NA20589	NA20589	female	null
NA20752	NA20752	male	null
NA20753	NA20753	female	null
NA20754	NA20754	male	null
NA20755	NA20755	male	null
NA20756	NA20756	female	null
NA20757	NA20757	female	null
NA20758	NA20758	male	null
NA20759	NA20759	male	null
NA20760	NA20760	female	null
NA20761	NA20761	female	null
NA20762	NA20762	male	unrel
NA20763	NA20763	male	unrel
NA20764	NA20764	female	unrel
NA20765	NA20765	male	null
NA20766	NA20766	female	null
NA20767	NA20767	male	unrel
NA20768	NA20768	female	null
NA20769	NA20769	female	null
NA20770	NA20770	male	null
NA20771	NA20771	female	null
NA20772	NA20772	female	null
NA20773	NA20773	female	null
NA20774	NA20774	female	null
NA20775	NA20775	female	null
NA20778	NA20778	male	null
NA20783	NA20783	male	null
NA20785	NA20785	male	null
NA20786	NA20786	female	null
NA20787	NA20787	male	null
NA20790	NA20790	female	null
NA20792	NA20792	male	null
NA20795	NA20795	female	null
NA20796	NA20796	male	null
NA20797	NA20797	female	null
NA20798	NA20798	male	null
NA20799	NA20799	female	null
NA20800	NA20800	female	null
NA20801	NA20801	male	null
NA20802	NA20802	female	null
NA20803	NA20803	male	null
NA20804	NA20804	female	null
NA20805	NA20805	male	null
NA20806	NA20806	male	null
NA20807	NA20807	female	null
NA20808	NA20808	female	null
NA20809	NA20809	male	null
NA20810	NA20810	male	null
NA20811	NA20811	male	null
NA20812	NA20812	male	null
NA20813	NA20813	female	null
NA20814	NA20814	male	null
NA20815	NA20815	male	null
NA20816	NA20816	male	null
NA20818	NA20818	female	null
NA20819	NA20819	female	null
NA20821	NA20821	female	unrel
NA20822	NA20822	female	unrel
NA20826	NA20826	female	null
NA20827	NA20827	male	unrel
NA20828	NA20828	female	null
NA20829	NA20829	male	unrel
NA20831	NA20831	male	unrel
NA20832	NA20832	female	null
NA20845	NA20845	male	null
NA20846	NA20846	male	null
NA20847	NA20847	female	null
NA20849	NA20849	female	null
NA20850	NA20850	male	null
NA20851	NA20851	female	null
NA20852	NA20852	male	null
NA20853	NA20853	female	null
NA20854	NA20854	female	null
NA20856	NA20856	female	null
NA20858	NA20858	male	null
NA20859	NA20859	female	null
NA20861	NA20861	male	null
NA20862	NA20862	female	null
NA20863	NA20863	male	null
NA20864	NA20864	male	null
NA20866	NA20866	male	null
NA20867	NA20867	male	null
NA20868	GIH001	female	null
NA20869	NA20869	female	null
NA20870	NA20870	male	null
NA20871	GIH001	male	null
NA20872	NA20872	female	null
NA20873	NA20873	male	null
NA20874	NA20874	female	null
NA20875	NA20875	female	null
NA20876	NA20876	female	null
NA20877	NA20877	female	null
NA20878	NA20878	female	null
NA20879	NA20879	female	null
NA20881	NA20881	female	null
NA20882	NA20882	female	null
NA20883	NA20883	male	null
NA20884	NA20884	male	null
NA20885	NA20885	male	null
NA20886	GIH002	female	null
NA20887	NA20887	male	null
NA20888	NA20888	female	null
NA20889	NA20889	male	null
NA20890	NA20890	male	null
NA20891	NA20891	male	null
NA20892	NA20892	female	null
NA20893	NA20893	female	null
NA20894	NA20894	female	null
NA20895	NA20895	male	null
NA20896	NA20896	female	null
NA20897	NA20897	male	null
NA20898	GIH002	male	null
NA20899	NA20899	female	null
NA20900	NA20900	female	unrel
NA20901	NA20901	male	null
NA20902	NA20902	female	null
NA20903	NA20903	male	null
NA20904	NA20904	male	null
NA20905	NA20905	male	null
NA20906	NA20906	female	null
NA20907	NA20907	female	null
NA20908	NA20908	female	null
NA20909	GIH003	male	null
NA20910	GIH003	female	null
NA20911	NA20911	male	null
NA21086	NA21086	female	null
NA21087	NA21087	male	null
NA21088	NA21088	female	null
NA21089	NA21089	female	null
NA21090	NA21090	male	null
NA21091	NA21091	male	null
NA21092	NA21092	male	null
NA21093	NA21093	male	null
NA21094	NA21094	male	null
NA21095	NA21095	male	null
NA21097	NA21097	female	null
NA21098	NA21098	male	null
NA21099	NA21099	male	null
NA21100	NA21100	male	null
NA21101	NA21101	female	null
NA21102	NA21102	female	null
NA21103	NA21103	female	null
NA21104	NA21104	male	null
NA21105	NA21105	male	null
NA21106	NA21106	female	null
NA21107	NA21107	male	null
NA21108	NA21108	female	null
NA21109	NA21109	male	null
NA21110	NA21110	female	null
NA21111	NA21111	male	null
NA21112	NA21112	male	null
NA21113	NA21113	male	null
NA21114	NA21114	male	null
NA21115	NA21115	male	null
NA21116	NA21116	male	null
NA21117	NA21117	male	null
NA21118	NA21118	male	null
NA21119	NA21119	male	null
NA21120	NA21120	female	null
NA21121	NA21121	female	null
NA21122	NA21122	female	null
NA21123	NA21123	male	null
NA21124	NA21124	male	unrel
NA21125	NA21125	female	null
NA21126	NA21126	male	unrel
NA21127	NA21127	male	unrel
NA21128	NA21128	male	unrel
NA21129	NA21129	male	unrel
NA21130	NA21130	male	unrel
NA21133	NA21133	male	unrel
NA21134	NA21134	male	null
NA21135	NA21135	male	unrel
NA21137	NA21137	female	null
NA21141	NA21141	female	null
NA21142	NA21142	female	null
NA21143	NA21143	female	null
NA21144	NA21144	female	null
NA12236	1408	female	pat grandmother
